fecha,nombre,area,circuito,estructura,lat,long,observaciones,apoyoTipo,apoyoCantidad,configuracion,disposicion,altura,característicasPlaca,avifauna,avifaunaEquipos,crucetaSup,crucetaInf,bayonetaTipo,bayonetaObservaciones,templeteCant,templeteAvifauna,aisladorTipo,aisladorA,aisladorB,aisladorC,dpsA,dpsB,dpsC,seccionador,equiposAdicionales,sptBajante,sptConexion,sptCantidad,sptEstado,"fotoPath,,,,,,",fotoPath_limpio,LATITUD NUEVO,LONGITUD NUEVO,CIRCUITO,Estructura,Nombre Imagen,Termografia,Imagen normal
5/28/2025 12:33,,kitaro,pórticokitaro,NAN,4.3417068,-72.7465409,,P,,Retención,Canadiense,,,No,,,,Sencilla,,,,Aislador,,,,,,,No,,,,,,"/storage/emulated/0/Download/RegistrosExportados/JPEG_20250528_123354_3478051974247572647.jpg,,,,,,",JPEG_20250528_123354_3478051974247572647.jpg,4.3417068,-72.7465409,,,,,
5/28/2025 12:45,,kitaro,kitaro-ponyo,P-01B,4.3417068,-72.7465409,conexión pórtico ,P,1.0,Retención,Triangular,14.0,420.0,Sí,aisladores y 1 puente medio,1.0,1,Doble,,1.0,1.0,Cadenas de aisladores,1.0,1.0,1.0,,,,Sí,linepost,2.0,,,,"/storage/emulated/0/Download/RegistrosExportados/JPEG_20250528_124837_6363001702591021817.jpg,,,,,,",JPEG_20250528_124837_6363001702591021817.jpg,4.3425624,-72.71524531,PONYO-KITARO,P-01B,Kitaro - Ponyo,image1.png,image2.png
5/28/2025 14:28,,akira,kitaro-akira,P-01C,4.3413863,-72.715766,"conexión pórtico y cruceta red Akira  estructura retención y derivación a pórtico , con cadenas de aisladores y aisladores de campana ",P,1.0,Retención,Canadiense,14.0,1050.0,Sí,grapas,1.0,1,Doble,,,,Otro,,,,,,,No,linepost ,2.0,,,,"/storage/emulated/0/Download/RegistrosExportados/JPEG_20250528_143230_1625826464926257976.jpg,,,,,",JPEG_20250528_143230_1625826464926257976.jpg,4.3413863,-72.715766,,P-01C,Kitaro - Akira Norte,image21.png,image22.png
5/28/2025 15:47,,bacano,bacano-r4,P-02,4.3582139,-72.7586694,"Terminal con seccionadores monopolares y subterraniza, aisladores sobre una cruceta ",P,1.0,Otro,Triangular,14.0,1050.0,Sí,grapas y dps,1.0,2,Doble,,1.0,1.0,Cadenas de aisladores,,,,1.0,1.0,1.0,Sí,seccionadores monopolares ,2.0,,,,"/storage/emulated/0/Download/RegistrosExportados/JPEG_20250528_161922_4843802967979060729.jpg,,,,,",JPEG_20250528_161922_4843802967979060729.jpg,4.358084017,-72.75872792,BACANO-R4,P-02,Bacano - R4,image37.png,image38.png
5/28/2025 13:02,,kitaro,kitaro-akiranorte,P-02A,4.3413863,-72.715766,derivación con cruceta superior más larga,P,1.0,Retención,Otro,,,Sí,grapas pistola,1.0,1,Doble,cambiar por pullover,3.0,,Cadenas de aisladores,,,,,,,No,linepost,2.0,,,,"/storage/emulated/0/Download/RegistrosExportados/JPEG_20250528_130806_4610662669972760949.jpg,,,,,,",JPEG_20250528_130806_4610662669972760949.jpg,4.341390911,-72.71489951,KITARO-AKIRAN,P-02A,Kitaro - Akira Norte,image3.png,image4.png
5/28/2025 12:55,kitaro,kitaro,kitaro-ponyo,P-02B,4.3417068,-72.7465409,doble cruceta para derivar,P,1.0,Retención,Otro,,,Sí,grapas,2.0,1,Doble,cruceta superior sin uso ,2.0,,Cadenas de aisladores,,,,,,,No,linepost,1.0,,,,"/storage/emulated/0/Download/RegistrosExportados/JPEG_20250528_130232_888266786248999095.jpg,,,,,,",JPEG_20250528_130232_888266786248999095.jpg,4.341386459,-72.71498858,PONYO-KITARO,,,,
5/28/2025 14:42,,akira,akira-akiranoreste,P-02C,4.3413863,-72.715766,"poste con dos seccionadores monopolares, 1 reconectador, aisladores de 8 campanas. cinco niveles de crucetas para aisladores y equipos ",P,1.0,Otro,Otro,14.0,,Sí,grapas y crucetas,4.0,1,Doble,,1.0,1.0,Aislador,,,,1.0,1.0,1.0,Sí,linepost,2.0,,,,"/storage/emulated/0/Download/RegistrosExportados/JPEG_20250528_144607_7378717099806727679.jpg,,,,",JPEG_20250528_144607_7378717099806727679.jpg,4.3413863,-72.715766,,P-02C,Akira Norte - Akira NE,image23.png,image24.png
5/28/2025 16:19,,bacano,bacano-r4,P-03,4.3582139,-72.7586694,Cruceta superior con un aislador en suspensión sin uso evidentemente ,P,1.0,Otro,Semibandera,,,Sí,aisladores y linepost,1.0,1,Sencilla,1,,,Pin,1.0,1.0,1.0,,,,No,1 línea post y 1 cadena en suspensión ,2.0,,,,"/storage/emulated/0/Download/RegistrosExportados/JPEG_20250528_162408_760935741705181431.jpg,,,,,,",JPEG_20250528_162408_760935741705181431.jpg,4.358022315,-72.7578173,BACANO-R4,P-03,Bacano - R4,image39.png,image40.png
5/28/2025 13:14,,kitaro,kitaro-akira,P-03A,4.3413863,-72.715766,estructura paso - usar suspensión ,P,1.0,Otro,Semibandera,,,Sí,dps _ aisladores,1.0,1,Sencilla,crucetas horizontales,,,Pin,,,,1.0,1.0,1.0,No,,2.0,,,,"/storage/emulated/0/Download/RegistrosExportados/JPEG_20250528_131821_1178555729178656156.jpg,,,,,,",JPEG_20250528_131821_1178555729178656156.jpg,4.341396299,-72.71427608,KITARO-AKIRAN,,,,
5/29/2025 8:10,,kitaro,kitaro-ponyo,P-03B,4.3413316,-72.7162554,Estructura de paso con doble aislador por fase,P,1.0,Otro,Semibandera,14.0,1050.0,Sí,aisladores,1.0,,Doble,,1.0,1.0,Aislador,2.0,2.0,2.0,,,,No,,2.0,,,,"/storage/emulated/0/Download/RegistrosExportados/JPEG_20250529_081505_1173758018372641748.jpg,,,,,,",JPEG_20250529_081505_1173758018372641748.jpg,4.341017548,-72.71581023,PONYO-KITARO,P-03B,Kitaro - Ponyo,image61.png,image62.png
5/28/2025 14:46,,akira,akira-akiranoreste,P-03C,4.3480483,-72.7130503,suspensión canadiense ,P,1.0,Suspensión,Canadiense,14.0,1050.0,No,,1.0,r,Sencilla,,,,Aislador,,,,,,,No,,2.0,,,,"/storage/emulated/0/Download/RegistrosExportados/JPEG_20250528_144815_2514008042753954794.jpg,,,,,,",JPEG_20250528_144815_2514008042753954794.jpg,4.3480483,-72.7130503,,P-03C,Akira Norte - Akira NE,image25.png,image26.png
5/28/2025 16:24,,bacano,bacano-r4,P-04,4.3582139,-72.7586694,"Estructura de paso con doble aislador, Cruceta superior con cadena de aisladores en suspensión, sin uso evidente",P,1.0,Otro,Semibandera,14.0,1050.0,Sí,aisladores y linepost,1.0,1,Sencilla,,,,Pin,2.0,2.0,2.0,,,,No,1 linepost ,2.0,,,,"/storage/emulated/0/Download/RegistrosExportados/JPEG_20250528_162850_8679471016818546172.jpg,,,,",JPEG_20250528_162850_8679471016818546172.jpg,4.357967806,-72.75700489,BACANO-R4,P-04,Bacano - R4,image41.png,image42.png
5/28/2025 13:22,,kitaro,kitaro-akira,P-04B,4.3413863,-72.715766,estructura en derivación ,P,1.0,Otro,Triangular,12.0,,Sí,grapas y puente,1.0,1,Doble,,2.0,,Cadenas de aisladores,,,,,,,No,linepost,2.0,,,,"/storage/emulated/0/Download/RegistrosExportados/JPEG_20250528_132312_7772683813862577315.jpg,,,,,,",JPEG_20250528_132312_7772683813862577315.jpg,4.340594844,-72.71635292,PONYO-KITARO,P-04B,Kitaro - Ponyo,image63.png,image64.png
5/29/2025 8:15,,kitaro,kitaro-ponyo,P-04B,4.3410379,-72.7159764,"Estructura que cuenta con 2 circuitos, uno de la red actual kitaro -ponyo  con doble aislador (a desmantelar) y el que quedará en la conexión con el pórtico R9",P,1.0,Otro,Otro,14.0,,Sí,circuito actual aisladores y circuito futuro grapas y crucetas,1.0,1,Doble,,1.0,1.0,Aislador,,,,,,,No,,2.0,,,,"/storage/emulated/0/Download/RegistrosExportados/JPEG_20250529_082805_4132922653516602039.jpg,,,,,",JPEG_20250529_082805_4132922653516602039.jpg,4.340594844,-72.71635292,PONYO-KITARO,P-04B,Kitaro - Ponyo,image63.png,image64.png
5/28/2025 14:48,,akira,akira-akiranoreste,P-04C,4.3480483,-72.7130503,Retención canadiense con dps,P,1.0,Retención,Canadiense,14.0,,Sí,grapas y dps,1.0,1,Doble,bayonetas cortas,2.0,2.0,Aislador,,,,1.0,1.0,1.0,No,dps,2.0,,,,"/storage/emulated/0/Download/RegistrosExportados/JPEG_20250528_145213_4459864942990581006.jpg,,,,,,",JPEG_20250528_145213_4459864942990581006.jpg,4.3480483,-72.7130503,,P-04C,Akira Norte - Akira NE,image27.png,image28.png
5/28/2025 16:29,,bacano,bacano-r4,P-05,4.3582139,-72.7586694,Retención en una sola cruceta horizontal con cadena del medio con 7 discos y puente con linepost,P,1.0,Retención,Triangular,14.0,,Sí,grapas,1.0,,Doble,,2.0,2.0,Cadenas de aisladores,,,,1.0,1.0,1.0,No,"linepost, cadena de 7 discos en fase del medio y dps",2.0,,,,"/storage/emulated/0/Download/RegistrosExportados/JPEG_20250528_163701_318706191250186309.jpg,,,,,",JPEG_20250528_163701_318706191250186309.jpg,4.357897092,-72.75599863,BACANO-R4,P-05,Bacano - R4,image43.png,image44.png
5/28/2025 13:23,,kitaro,kitaro-akira,P05-A,4.3413863,-72.715766,estructura de paso ,P,1.0,Otro,Triangular,,,Sí,dps y aisladores,1.0,1,Sencilla,,,,Pin,,,,1.0,1.0,1.0,No,,2.0,,,,"/storage/emulated/0/Download/RegistrosExportados/JPEG_20250528_132744_3122404542977844572.jpg,,,,,,",JPEG_20250528_132744_3122404542977844572.jpg,4.3413863,-72.715766,,,,,
5/29/2025 8:29,,kitaro,kitaro-ponyo,P-05B,,,"poste a desmantelar - actual circuito kitaro -ponyo, retención en d os niveles de crucetas ",P,1.0,Retención,Otro,14.0,1350.0,Sí,grapas y dps,1.0,1,Doble,,2.0,2.0,Cadenas de aisladores,,,,1.0,0.0,1.0,No,linepost y dps ,2.0,,,,"/storage/emulated/0/Download/RegistrosExportados/JPEG_20250529_083757_6901034154724490098.jpg,,,,,",JPEG_20250529_083757_6901034154724490098.jpg,4.340286767,-72.716792,PONYO-KITARO,P-05B,Kitaro - Ponyo,image65.png,image66.png
5/29/2025 8:29,,kitaro,kitaro-ponyo,P-05B,,,"poste a desmantelar - actual circuito kitaro -ponyo, retención en d os niveles de crucetas ",P,1.0,Retención,Otro,14.0,1350.0,Sí,grapas y dps,1.0,1,Doble,,2.0,2.0,Cadenas de aisladores,,,,1.0,0.0,1.0,No,linepost y dps ,2.0,,,,"/storage/emulated/0/Download/RegistrosExportados/JPEG_20250529_083757_6901034154724490098.jpg,,,,,",JPEG_20250529_083757_6901034154724490098.jpg,4.340286767,-72.716792,PONYO-KITARO,P-05B,Kitaro - Ponyo,image67.png,image68.png
5/28/2025 16:37,,bacano,bacano-r4,P-06,4.3582139,-72.7586694,Estructura de paso con cruceta superior con cadena de aisladores en suspensión sin uso,P,1.0,Otro,Semibandera,14.0,,Sí,aisladores,2.0,,Sencilla,Cruceta superior con cadena de aisladores en suspensión sin uso ,,,Pin,1.0,1.0,1.0,,,,No,Cadena de aisladores en suspensión sin uso ,2.0,,,,"/storage/emulated/0/Download/RegistrosExportados/JPEG_20250528_164300_4867799926174630816.jpg,,,,,,",JPEG_20250528_164300_4867799926174630816.jpg,4.357834433,-72.75508785,BACANO-R4,P-06,Bacano - R4,image45.png,image46.png
5/28/2025 13:28,,kitaro,kitaro-akira,P-06A,4.3413863,-72.715766,poste derivación subterráneo a Akira central ,P,1.0,Otro,Semibandera,12.0,,Sí,aisladores,1.0,2,Sencilla,estructura sin dps para transición ,,,Aislador,,,,,,,Sí,premoldeados ,2.0,,,,"/storage/emulated/0/Download/RegistrosExportados/JPEG_20250528_133444_822183172824708472.jpg,,,,,,",JPEG_20250528_133444_822183172824708472.jpg,4.34279145,-72.71318727,KITARO-AKIRAN,P-06A,Kitaro - Akira Norte,image7.png,image8.png
5/28/2025 13:28,,kitaro,kitaro-akira,P-06A,4.3413863,-72.715766,poste derivación subterráneo a Akira central ,P,1.0,Otro,Semibandera,12.0,,Sí,aisladores,1.0,2,Sencilla,estructura sin dps para transición ,,,Aislador,,,,,,,Sí,premoldeados ,2.0,,,,"/storage/emulated/0/Download/RegistrosExportados/JPEG_20250528_133444_822183172824708472.jpg,,,,,,",JPEG_20250528_133444_822183172824708472.jpg,4.34279145,-72.71318727,KITARO-AKIRAN,P-06A,Kitaro - Akira Norte,image11.png,image12.png
5/29/2025 8:41,,kitaro,kitaro-ponyo,P-06B,,,"Estructura con doble circuito, uno actual (a desmantelar) en configuración retención con derivación a doble cruceta horizontal y el proyectado en retención triangular",P,1.0,Retención,Triangular,14.0,1350.0,Sí,"actual grapas y nuevo grapas, crucetas y templete",1.0,2,Doble,,3.0,,Aislador,,,,0.0,1.0,0.0,No,1 dps y linepost ,2.0,,,,"/storage/emulated/0/Download/RegistrosExportados/JPEG_20250529_085427_9203650473144565454.jpg,,,,",JPEG_20250529_085427_9203650473144565454.jpg,4.34020773,-72.71745924,PONYO-KITARO,P-06B,Kitaro - Ponyo,image69.png,image70.png
5/28/2025 16:43,,bacano,bacano-r4,P-07,4.3582139,-72.7586694,Estructura de paso con cruceta superior con cadena de aisladores en suspensión sin uso o aplicación evidente ,P,1.0,Otro,Canadiense,14.0,,Sí,aisladores,2.0,,Sencilla,,,,Pin,1.0,1.0,1.0,,,,No,Cadena de aisladores en suspensión sin uso ,2.0,,,,"/storage/emulated/0/Download/RegistrosExportados/JPEG_20250528_164617_1649074274565966193.jpg,,,,,,",JPEG_20250528_164617_1649074274565966193.jpg,4.357770751,-72.75417541,BACANO-R4,P-07,Bacano - R4,image47.png,image48.png
5/28/2025 13:35,,kitaro,kitaro-akira,P-07A,4.3413863,-72.715766,estructura de paso ,P,1.0,Otro,Semibandera,12.0,,Sí,aisladores,1.0,,Sencilla,,,,Pin,,,,,,,No,,2.0,,,,"/storage/emulated/0/Download/RegistrosExportados/JPEG_20250528_133819_346441777399950506.jpg,,,,,,",JPEG_20250528_133819_346441777399950506.jpg,4.343241705,-72.71304159,KITARO-AKIRAN,,,,
5/29/2025 8:54,,kitaro,kitaro-ponyo,P-07B,4.3401556,-72.7176487,Estructura de paso con doble aislador por fase,P,1.0,Otro,Otro,12.0,510.0,Sí,aisladores,1.0,,Doble,,1.0,1.0,Aislador,,,,,,,No,,2.0,,,,"/storage/emulated/0/Download/RegistrosExportados/JPEG_20250529_085845_1855586917578367899.jpg,,,,,,",JPEG_20250529_085845_1855586917578367899.jpg,4.340501539,-72.71806734,PONYO-KITARO,P-07B,Kitaro - Ponyo,image71.png,image72.png
5/28/2025 16:46,,bacano,bacano-r4,P-08,4.3582139,-72.7586694,Estructura de paso con cruceta superior con cadena de aisladores en suspensión sin uso evidente ,P,1.0,Otro,Triangular,14.0,,Sí,aisladores,2.0,,Sencilla,1,,,Pin,1.0,1.0,1.0,,,,No,linepost ,2.0,,,,"/storage/emulated/0/Download/RegistrosExportados/JPEG_20250528_164918_6282252381538445734.jpg,,,,,,",JPEG_20250528_164918_6282252381538445734.jpg,4.357707955,-72.75326905,BACANO-R4,P-08,Bacano - R4,image49.png,image50.png
5/28/2025 13:38,,kitaro,kitaro-akira,P-08A,4.3413863,-72.715766,retención en una sola cruceta 1 cruceta corta para dos inferior ,P,1.0,Retención,Otro,12.0,,Sí,grapas y dps,1.0,1,Sencilla,,2.0,2.0,Cadenas de aisladores,,,,1.0,1.0,1.0,No,linpost,2.0,,,,"/storage/emulated/0/Download/RegistrosExportados/JPEG_20250528_134450_6900671878573523490.jpg,,,,,,",JPEG_20250528_134450_6900671878573523490.jpg,4.34376144,-72.71287507,KITARO-AKIRAN,,,,
5/29/2025 8:58,,kitaro,kitaro-ponyo,P-08B,4.3401556,-72.7176487,,P,1.0,Otro,Otro,12.0,,Sí,aisladores,1.0,,Sencilla,,,,Pin,1.0,1.0,1.0,,,,No,,2.0,,,,"/storage/emulated/0/Download/RegistrosExportados/JPEG_20250529_090113_6405176172124177016.jpg,,,,,,",JPEG_20250529_090113_6405176172124177016.jpg,4.340852805,-72.71868481,PONYO-KITARO,P-08B,Kitaro - Ponyo,image73.png,image74.png
5/28/2025 16:49,,bacano,bacano-r4,P-09,4.3582139,-72.7586694,"Estructura en retención con cadena de aisladores de 7 discos en fase de la mitad y linepost para el puente, 2 dps en fases externas ",P,1.0,Retención,Triangular,14.0,,Sí,grapas y dps,1.0,,Doble,,2.0,2.0,Cadenas de aisladores,1.0,1.0,1.0,1.0,0.0,1.0,No,linepost y dps,2.0,,,,"/storage/emulated/0/Download/RegistrosExportados/JPEG_20250528_165427_2826518289468577966.jpg,,,,,",JPEG_20250528_165427_2826518289468577966.jpg,4.357643844,-72.7523745,BACANO-R4,P-09,Bacano - R4,image51.png,image52.png
5/28/2025 13:45,,kitaro,kitaro-akira,P-09A,4.3413863,-72.715766,estructura de paso ,P,1.0,Otro,Semibandera,12.0,,Sí,aisladores,1.0,,Sencilla,,,,Pin,1.0,1.0,1.0,,,,No,,2.0,,,,"/storage/emulated/0/Download/RegistrosExportados/JPEG_20250528_134937_1306174219385860639.jpg,,,,,,",JPEG_20250528_134937_1306174219385860639.jpg,4.344339129,-72.71268857,KITARO-AKIRAN,,,,
5/29/2025 9:01,,kitaro,kitaro-ponyo,P-09B,,,Estructura de paso con cruceta superior para 2 dps,P,1.0,Otro,Otro,12.0,,Sí,aisladores,1.0,1,Sencilla,,,,Pin,1.0,1.0,1.0,1.0,0.0,1.0,No,2 dps,2.0,,,,"/storage/emulated/0/Download/RegistrosExportados/JPEG_20250529_090424_420813823240507106.jpg,,,,,,",JPEG_20250529_090424_420813823240507106.jpg,4.34120265,-72.71930017,PONYO-KITARO,P-09B,Kitaro - Ponyo,image75.png,image76.png
5/28/2025 16:54,,bacano,bacano-r4,P-10,4.3582139,-72.7586694,Estructura de paso con cruceta superior con cadena de aisladores en suspensión sin uso evidente ,P,1.0,Otro,Otro,14.0,,Sí,aisladores,2.0,,Sencilla,,,,Pin,1.0,1.0,1.0,,,,No,Cadena de aisladores en suspensión sin uso evidente ,2.0,,,,"/storage/emulated/0/Download/RegistrosExportados/JPEG_20250528_165740_6250787727433569341.jpg,,,,,,",JPEG_20250528_165740_6250787727433569341.jpg,4.357569368,-72.75145148,BACANO-R4,P-10,Bacano - R4,image53.png,image54.png
5/28/2025 13:49,,kitaro,kitaro-akira,P-10A,4.3413863,-72.715766,paso con dps,P,1.0,Otro,Semibandera,12.0,,Sí,aisladores y dps,1.0,1,Sencilla,,,,Pin,1.0,1.0,1.0,1.0,1.0,1.0,No,dps,2.0,,,,"/storage/emulated/0/Download/RegistrosExportados/JPEG_20250528_135305_4804356473429189327.jpg,,,,,,",JPEG_20250528_135305_4804356473429189327.jpg,4.344922417,-72.71250124,KITARO-AKIRAN,,,,
5/29/2025 9:04,,kitaro,kitaro-ponyo,P-10B,4.341448,-72.7165725,Estructura en retención con cadena de aisladores de la fase de la mitad con 7 discos y un dps en esta fase,P,1.0,Retención,Otro,12.0,1050.0,Sí,grapas y crucetas,1.0,,Doble,,2.0,2.0,Cadenas de aisladores,,,,0.0,1.0,0.0,No,Linepost y 1 Dps,2.0,,,,"/storage/emulated/0/Download/RegistrosExportados/JPEG_20250529_090911_7922809737620471129.jpg,,,,,,",JPEG_20250529_090911_7922809737620471129.jpg,4.341557914,-72.71992488,PONYO-KITARO,P-10B,Kitaro - Ponyo,image77.png,image78.png
5/28/2025 16:58,,bacano,bacano-r4,P-11,4.3582139,-72.7586694,Estructura de paso con cruceta superior con cadena de aisladores en suspensión sin uso evidente ,P,1.0,Otro,Otro,14.0,,Sí,aisladores,2.0,,Sencilla,,,,Pin,1.0,1.0,1.0,,,,No,Cadena de aisladores en suspensión sin uso evidente ,2.0,,,,"/storage/emulated/0/Download/RegistrosExportados/JPEG_20250528_170101_1694309715662597609.jpg,,,,,,",JPEG_20250528_170101_1694309715662597609.jpg,4.357497376,-72.75054299,BACANO-R4,P-11,Bacano - R4,image55.png,image56.png
5/28/2025 13:53,,kitaro,kitaro-akira,P-11A,4.3413863,-72.715766,retención con derivación en 2 cruceta ,P,1.0,Retención,Triangular,12.0,,Sí,grapas y puente,1.0,1,Doble,,2.0,2.0,Cadenas de aisladores,,,,,,,No,linepost,2.0,,,,"/storage/emulated/0/Download/RegistrosExportados/JPEG_20250528_135654_6234945261888464376.jpg,,,,,,",JPEG_20250528_135654_6234945261888464376.jpg,4.345514972,-72.71231429,KITARO-AKIRAN,P-11A,Kitaro - Akira Norte,image13.png,image14.png
5/29/2025 9:09,,kitaro,kitaro-ponyo,P-11B,4.341448,-72.7165725,,P,1.0,Otro,Otro,12.0,510.0,Sí,aisladores,1.0,,Sencilla,,,,Pin,1.0,1.0,1.0,,,,No,,2.0,,,,"/storage/emulated/0/Download/RegistrosExportados/JPEG_20250529_091212_7306467952059872719.jpg,,,,,,",JPEG_20250529_091212_7306467952059872719.jpg,4.341914892,-72.72055174,PONYO-KITARO,P-11B,Kitaro - Ponyo,image79.png,image80.png
5/28/2025 17:01,,bacano,bacano-r4,P-12,4.3582139,-72.7586694,Estructura de paso con cruceta superior con cadena de aisladores en suspensión sin uso evidente ,P,1.0,Otro,Otro,14.0,,Sí,aisladores,2.0,,Sencilla,,,,Pin,1.0,1.0,1.0,,,,No,Linepost ,2.0,,,,"/storage/emulated/0/Download/RegistrosExportados/JPEG_20250528_170355_8410039007185214752.jpg,,,,,,",JPEG_20250528_170355_8410039007185214752.jpg,4.357444508,-72.74987243,BACANO-R4,P-12,Bacano - R4,image57.png,image58.png
5/28/2025 13:57,,kitaro,kitaro-akira,P-12A,4.3413863,-72.715766,paso con dps ,P,1.0,Otro,Otro,12.0,,Sí,aisladores y dps,1.0,1,Sencilla,,,,Pin,1.0,1.0,1.0,1.0,1.0,1.0,No,,2.0,,,,"/storage/emulated/0/Download/RegistrosExportados/JPEG_20250528_140135_7255680371417658505.jpg,,,,,,",JPEG_20250528_140135_7255680371417658505.jpg,4.346135227,-72.7126479,KITARO-AKIRAN,,,,
5/29/2025 9:12,,kitaro,kitaro-ponyo,P-12B,4.341448,-72.7165725,,P,1.0,Otro,Otro,12.0,510.0,Sí,aisladores,1.0,,Sencilla,,,,Pin,1.0,1.0,1.0,,,,No,,2.0,,,,"/storage/emulated/0/Download/RegistrosExportados/JPEG_20250529_091424_875324357609026273.jpg,,,,,,",JPEG_20250529_091424_875324357609026273.jpg,4.342269551,-72.721177,PONYO-KITARO,P-12B,Kitaro - Ponyo,image81.png,image82.png
5/28/2025 17:04,,bacano,bacano-r4,P-13,4.3582139,-72.7586694,"Estructura en retención con cadena de aisladores de 7 discos en fase de la mitad, las 3 fases sobre la misma cruceta y solo 2 fases con dps ",P,1.0,Retención,Triangular,14.0,1050.0,Sí,grapas y dps,1.0,,Doble,,2.0,,Cadenas de aisladores,,,,1.0,0.0,1.0,No,linepost y dps,2.0,,,,"/storage/emulated/0/Download/RegistrosExportados/JPEG_20250528_170823_2128603445612135102.jpg,,,,,",JPEG_20250528_170823_2128603445612135102.jpg,4.35735764,-72.74872557,BACANO-R4,P-13,Bacano - R4,image59.png,image60.png
5/28/2025 14:01,,akira,kitaro-akira,P-13A,4.3413863,-72.715766,retención - derivación ,P,1.0,Retención,Otro,14.0,1050.0,Sí,grapas y puente,1.0,1,Doble,,2.0,2.0,Cadenas de aisladores,,,,,,,No,linepost ,2.0,,,,"/storage/emulated/0/Download/RegistrosExportados/JPEG_20250528_140655_9023775544718087335.jpg,,,,,,",JPEG_20250528_140655_9023775544718087335.jpg,4.346746659,-72.71297444,KITARO-AKIRAN,P-13A,Kitaro - Akira Norte,image15.png,image16.png
5/29/2025 9:14,,kitaro,kitaro-ponyo,P-13B,4.341448,-72.7165725,Estructura de paso con 2 dps en cruceta superior ,P,1.0,Otro,Canadiense,12.0,510.0,Sí,aisladores,1.0,1,Sencilla,,,,Pin,1.0,1.0,1.0,1.0,0.0,1.0,No,2 dps,2.0,,,,"/storage/emulated/0/Download/RegistrosExportados/JPEG_20250529_091809_1495094679298722573.jpg,,,,,,",JPEG_20250529_091809_1495094679298722573.jpg,4.342625945,-72.72180397,PONYO-KITARO,P-13B,Kitaro - Ponyo,image83.png,image84.png
5/29/2025 16:37,,r4,bacano-r4,P-14,4.3476984,-72.7335938,Estructura en retención sobre una cruceta ,P,1.0,Retención,Otro,14.0,,Sí,grapas,1.0,,Doble,,2.0,2.0,Cadenas de aisladores,,,,,,,No,linepost ,2.0,,,,"/storage/emulated/0/Download/RegistrosExportados/JPEG_20250529_164010_5887150716265386482.jpg,,,,,,",JPEG_20250529_164010_5887150716265386482.jpg,4.357285796,-72.74784527,BACANO-R4,,,,
5/28/2025 14:07,,akira,kitaro-akira,P-14A,4.3413863,-72.715766,retención - derivación ,P,1.0,Retención,Otro,14.0,1050.0,Sí,grapas y puentes,1.0,1,Doble,,,,Cadenas de aisladores,,,,,,,No,linepost ,2.0,,,,"/storage/emulated/0/Download/RegistrosExportados/JPEG_20250528_141421_8441529517748599261.jpg,,,,,,",JPEG_20250528_141421_8441529517748599261.jpg,4.346942147,-72.71361937,KITARO-AKIRAN,P-14A,Kitaro - Akira Norte,image17.png,image18.png
5/29/2025 9:18,,kitaro,kitaro-ponyo,P-14B,4.341448,-72.7165725,Estructura en retención con cadena de aisladores de 7 discos y 1 dps en fase de la mitad ,P,1.0,Retención,Otro,12.0,1050.0,Sí,grapas y dps,1.0,,Doble,,2.0,2.0,Cadenas de aisladores,,,,0.0,1.0,0.0,No,1 dps y 1 linepost ,2.0,,,,"/storage/emulated/0/Download/RegistrosExportados/JPEG_20250529_092248_7598198883787140631.jpg,,,,,,",JPEG_20250529_092248_7598198883787140631.jpg,4.342981487,-72.72242932,PONYO-KITARO,P-14B,Kitaro - Ponyo,image85.png,image86.png
5/29/2025 16:36,,r4,bacano-r4,P-15,,,Estructura en retención sobre una ,P,1.0,Retención,Otro,14.0,,Sí,grapas,1.0,,Doble,,1.0,,Cadenas de aisladores,,,,,,,No,Linepost ,2.0,,,,"/storage/emulated/0/Download/RegistrosExportados/JPEG_20250529_163727_1619505458405183477.jpg,,,,,,",JPEG_20250529_163727_1619505458405183477.jpg,4.356881994,-72.74730834,BACANO-R4,,,,
5/28/2025 14:21,,akira,kitaro-akira,P-15A,4.3413863,-72.715766,retención triangular sobre una cruceta ,P,1.0,Retención,Otro,14.0,1050.0,Sí,grapas y puente,1.0,,Doble,,,,Cadenas de aisladores,,,,,,,No,,2.0,,,,"/storage/emulated/0/Download/RegistrosExportados/JPEG_20250528_142146_3078445170702810460.jpg,,,,,,",JPEG_20250528_142146_3078445170702810460.jpg,4.347843006,-72.71312406,KITARO-AKIRAN,P-15A,Kitaro - Akira Norte,image19.png,image20.png
5/29/2025 9:23,,kitaro,kitaro-ponyo,P-15B,4.341448,-72.7165725,Estructura de paso ,P,1.0,Otro,Otro,12.0,510.0,Sí,aisladores,1.0,,Sencilla,,,,Pin,1.0,1.0,1.0,,,,No,,2.0,,,,"/storage/emulated/0/Download/RegistrosExportados/JPEG_20250529_092508_9165801710102767758.jpg,,,,,,",JPEG_20250529_092508_9165801710102767758.jpg,4.343380684,-72.72303788,PONYO-KITARO,P-15B,Kitaro - Ponyo,image87.png,image88.png
5/29/2025 16:28,,r4,bacano-r4,P-16,,,Estructura en retención en una cruceta con 1 dps en la fase de la mitad ,P,1.0,Retención,Otro,14.0,,Sí,grapas y dps,1.0,,Doble,,1.0,1.0,Cadenas de aisladores,,,,0.0,1.0,0.0,No,linepost ,2.0,,,,"/storage/emulated/0/Download/RegistrosExportados/JPEG_20250529_163558_2049692588326045388.jpg,,,,,,",JPEG_20250529_163558_2049692588326045388.jpg,4.35660899,-72.7471244,BACANO-R4,P-16,Bacano - R4,image225.png,image226.png
5/29/2025 9:25,,kitaro,kitaro-ponyo,P-16B,4.341448,-72.7165725,,P,1.0,Otro,Otro,12.0,510.0,Sí,aisladores,1.0,,Sencilla,,,,Aislador,1.0,1.0,1.0,,,,No,,2.0,,,,"/storage/emulated/0/Download/RegistrosExportados/JPEG_20250529_092809_2440575202835686927.jpg,,,,,,",JPEG_20250529_092809_2440575202835686927.jpg,4.3437849,-72.7236738,PONYO-KITARO,P-16B,Kitaro - Ponyo,image89.png,image90.png
5/29/2025 16:25,,r4,bacano-r4,P-17,,,Estructura en retención sobre una cruceta con 2 dps,P,1.0,Retención,Otro,14.0,1050.0,Sí,dps,1.0,,Doble,,1.0,1.0,Cadenas de aisladores,,,,1.0,0.0,1.0,No,linepost ,2.0,,,,"/storage/emulated/0/Download/RegistrosExportados/JPEG_20250529_162833_4227343777529179202.jpg,,,,,,",JPEG_20250529_162833_4227343777529179202.jpg,4.356315843,-72.74700601,BACANO-R4,P-17,Bacano - R4,image223.png,image224.png
5/29/2025 9:28,,kitaro,kitaro-ponyo,P-17B,4.341448,-72.7165725,Estructura en retención con cadena de aisladores de 7 discos en circuito de la mitad y 2 dps en fases externas ,P,1.0,Retención,Otro,12.0,1050.0,Sí,grapas y dps,1.0,1,Doble,Bayonetas cortas ,3.0,3.0,Cadenas de aisladores,,,,2.0,0.0,2.0,No,linepost y 2 dps,2.0,,,,"/storage/emulated/0/Download/RegistrosExportados/JPEG_20250529_093236_4069446730928445085.jpg,,,,,,",JPEG_20250529_093236_4069446730928445085.jpg,4.344153217,-72.7242527,PONYO-KITARO,,,,
5/29/2025 9:33,,kitaro,kitaro-ponyo,P-17B1,4.344016,-72.724239,Estructura de paso con 1 dps,P,12.0,Otro,Otro,12.0,1050.0,Sí,,,,Sencilla,,,,Aislador,1.0,1.0,1.0,0.0,1.0,0.0,No,1 dps,2.0,,,,"/storage/emulated/0/Download/RegistrosExportados/JPEG_20250529_093709_4049766190504539419.jpg,,,,,,",JPEG_20250529_093709_4049766190504539419.jpg,4.344016,-72.724239,,,,,
5/29/2025 16:22,,r4,bacano-r4,P-18,,,"Estructura en retención sobre una cruceta, Linepost en la parte superior del poste sin uso evidente ",P,1.0,Retención,Otro,,,Sí,grapas y linepost,1.0,,Doble,,,,Cadenas de aisladores,,,,,,,No,linepost ,2.0,,,,"/storage/emulated/0/Download/RegistrosExportados/JPEG_20250529_162512_8275982570962387837.jpg,,,,,",JPEG_20250529_162512_8275982570962387837.jpg,4.355960521,-72.74705397,BACANO-R4,P-18,Bacano - R4,image221.png,image222.png
5/29/2025 9:38,,kitaro,kitaro-ponyo,P-18B,4.344016,-72.724239,Estructura de paso ,P,1.0,Otro,Otro,12.0,510.0,Sí,aisladores,1.0,,Sencilla,,,,Pin,1.0,1.0,1.0,,,,No,,2.0,,,,"/storage/emulated/0/Download/RegistrosExportados/JPEG_20250529_094117_6866115209231656029.jpg,,,,,,",JPEG_20250529_094117_6866115209231656029.jpg,4.344538965,-72.72514821,PONYO-KITARO,P-18B,Kitaro - Ponyo,image95.png,image96.png
5/29/2025 16:17,,r4,bacano-r4,P-19,,,Estructura en retención sobre una cruceta ,P,1.0,Retención,Otro,,,Sí,grapas,1.0,,Doble,,2.0,2.0,Cadenas de aisladores,,,,,,,No,Linepost ,2.0,,,,"/storage/emulated/0/Download/RegistrosExportados/JPEG_20250529_162236_4550041045624163794.jpg,,,,,,",JPEG_20250529_162236_4550041045624163794.jpg,4.355665598,-72.74712645,BACANO-R4,P-19,Bacano - R4,image219.png,image220.png
5/29/2025 9:41,,kitaro,kitaro-ponyo,P-19B,4.344016,-72.724239,,P,1.0,Otro,Otro,12.0,510.0,Sí,aisladores,1.0,,Sencilla,,,,Pin,1.0,1.0,1.0,,,,No,,2.0,,,,"/storage/emulated/0/Download/RegistrosExportados/JPEG_20250529_094416_7562873366769988161.jpg,,,,,,",JPEG_20250529_094416_7562873366769988161.jpg,4.344891904,-72.72596715,PONYO-KITARO,P-19B,Kitaro - Ponyo,image97.png,image98.png
5/29/2025 16:07,,r4,bacano-r4,P-20,4.3476984,-72.7335938,"Estructura en retención con doble configuración, por un costado (bacano) es triangular y por el otro costado (R4) es horizontal sobre una cruceta, se encuentran dos templetes rotos",P,1.0,Retención,Otro,14.0,,No,grapas y puentes,1.0,1,Doble,,1.0,1.0,Cadenas de aisladores,,,,,,,No,linepost ,2.0,,,,"/storage/emulated/0/Download/RegistrosExportados/JPEG_20250529_161711_4558120299050103127.jpg,,,,",JPEG_20250529_161711_4558120299050103127.jpg,4.354920479,-72.74748253,BACANO-R4,P-20,Bacano - R4,image217.png,image218.png
5/29/2025 9:45,,kitaro,kitaro-ponyo,P-20B,4.344016,-72.724239,Estructura en retención con cadena de aisladores de 7 discos en fase de la mitad y 1 dps,P,1.0,Retención,Otro,12.0,1050.0,Sí,grapas,1.0,,Doble,,2.0,,Cadenas de aisladores,,,,0.0,1.0,0.0,No,linepost y 1 dps,2.0,,,,"/storage/emulated/0/Download/RegistrosExportados/JPEG_20250529_094858_1121545397108757117.jpg,,,,,,",JPEG_20250529_094858_1121545397108757117.jpg,4.345238361,-72.72677128,PONYO-KITARO,P-20B,Kitaro - Ponyo,image99.png,image100.png
5/29/2025 9:50,,kitaro,kitaro-ponyo,P-21B,4.344016,-72.724239,Estructura de paso con cruceta superior con 2 dps,P,1.0,Otro,Otro,12.0,510.0,Sí,aisladores,1.0,1,Sencilla,,,,Pin,1.0,1.0,1.0,1.0,0.0,1.0,No,,2.0,,,,"/storage/emulated/0/Download/RegistrosExportados/JPEG_20250529_095413_5060998276320219061.jpg,,,,,,",JPEG_20250529_095413_5060998276320219061.jpg,4.345505357,-72.72739207,PONYO-KITARO,P-21B,Kitaro - Ponyo,image101.png,image102.png
5/29/2025 16:02,,ponyo,ponyo-r4,P-22,4.3476984,-72.7335938,,P,1.0,Retención,Triangular,,1050.0,Sí,grapas y linepost,1.0,,Doble,,3.0,,Cadenas de aisladores,,,,,,,No,Linepost ,2.0,,,,"/storage/emulated/0/Download/RegistrosExportados/JPEG_20250529_160534_1102352782827823308.jpg,,,,,,",JPEG_20250529_160534_1102352782827823308.jpg,4.353243597,-72.74748105,R4-PONYO,P-22,Ponyo - R4,image215.png,image216.png
5/29/2025 9:54,,kitaro,kitaro-ponyo,P-22B,4.344016,-72.724239,Estructura de paso con 1 dps en la fase de la mitad (quitar dps que no va en la estructura 20b),P,1.0,Otro,Otro,12.0,510.0,Sí,aisladores y dps,1.0,,Sencilla,,,,Pin,1.0,1.0,1.0,0.0,1.0,0.0,No,1 dps,2.0,,,,"/storage/emulated/0/Download/RegistrosExportados/JPEG_20250529_095823_9132705476917176778.jpg,,,,,,",JPEG_20250529_095823_9132705476917176778.jpg,4.345771209,-72.72800966,PONYO-KITARO,P-22B,Kitaro - Ponyo,image103.png,image104.png
5/29/2025 16:00,,ponyo,ponyo-r4,P-23,4.3476984,-72.7335938,,P,1.0,Suspensión,Triangular,,,No,,1.0,1,Sencilla,,,,Cadenas de aisladores,1.0,1.0,1.0,,,,No,,2.0,,,,"/storage/emulated/0/Download/RegistrosExportados/JPEG_20250529_160247_5688822466290044155.jpg,,,,,,",JPEG_20250529_160247_5688822466290044155.jpg,4.35240708,-72.74768491,R4-PONYO,P-23,Ponyo - R4,image213.png,image214.png
5/29/2025 9:59,,kitaro,kitaro-ponyo,P-23B,4.344016,-72.724239,,P,1.0,Otro,Otro,12.0,510.0,Sí,aisladores,1.0,,Sencilla,,,,Pin,1.0,1.0,1.0,,,,No,,2.0,,,,"/storage/emulated/0/Download/RegistrosExportados/JPEG_20250529_100231_4114383585035613112.jpg,,,,,,",JPEG_20250529_100231_4114383585035613112.jpg,4.34603724,-72.72862941,PONYO-KITARO,P-23B,Kitaro - Ponyo,image105.png,image106.png
5/29/2025 15:54,,ponyo,ponyo-r4,P-24,4.3476984,-72.7335938,,P,1.0,Retención,Triangular,,,Sí,grapas y linepost,1.0,,Doble,,,,Cadenas de aisladores,,,,,,,No,linepost ,2.0,,,,"/storage/emulated/0/Download/RegistrosExportados/JPEG_20250529_155945_5750798126436414204.jpg,,,,,,",JPEG_20250529_155945_5750798126436414204.jpg,4.351932995,-72.7478012,R4-PONYO,P-24,Ponyo - R4,image211.png,image212.png
5/29/2025 10:02,,kitaro,kitaro-ponyo,P-24B,4.344016,-72.724239,Estructura en retención con derivación en dos niveles de crucetas y 2 dps en fases de los extremos ,P,1.0,Retención,Otro,12.0,1050.0,Sí,grapas,,,Doble,,1.0,1.0,Cadenas de aisladores,,,,1.0,0.0,1.0,No,2 dps y linepost ,2.0,,,,"/storage/emulated/0/Download/RegistrosExportados/JPEG_20250529_100912_1463826280761664219.jpg,,,,,,",JPEG_20250529_100912_1463826280761664219.jpg,4.34630844,-72.72925725,PONYO-KITARO,P-24B,Kitaro - Ponyo,image107.png,image108.png
5/29/2025 15:51,,ponyo,ponyo-r4,P-25,4.3476984,-72.7335938,,P,1.0,Retención,Triangular,,,Sí,grapas y linepost,1.0,,Doble,,2.0,2.0,Aislador,,,,,,,No,linepost ,2.0,,,,"/storage/emulated/0/Download/RegistrosExportados/JPEG_20250529_155401_6171628270837626978.jpg,,,,,,",JPEG_20250529_155401_6171628270837626978.jpg,4.35156482,-72.74789054,R4-PONYO,P-25,Ponyo - R4,image209.png,image210.png
5/29/2025 10:10,,kitaro,kitaro-ponyo,P-25B,4.344016,-72.724239,Estructura de retención con 1 dps en la fase de la mitad ,P,1.0,Retención,Otro,14.0,1350.0,Sí,grapas y dps,1.0,,Doble,,1.0,,Cadenas de aisladores,,,,0.0,1.0,0.0,No,linepost ,2.0,,,,"/storage/emulated/0/Download/RegistrosExportados/JPEG_20250529_101500_1693593977334683380.jpg,,,,,,",JPEG_20250529_101500_1693593977334683380.jpg,4.346433984,-72.7293213,PONYO-KITARO,P-25B,Kitaro - Ponyo,image109.png,image110.png
5/29/2025 15:48,,ponyo,ponyo-r4,P-26,4.3476984,-72.7335938,,P,1.0,Retención,Triangular,,,Sí,grapas y linepost,1.0,,Doble,,2.0,2.0,Cadenas de aisladores,,,,,,,No,linepost ,2.0,,,,"/storage/emulated/0/Download/RegistrosExportados/JPEG_20250529_155112_4668518951599019856.jpg,,,,,,",JPEG_20250529_155112_4668518951599019856.jpg,4.350991572,-72.74800993,R4-PONYO,P-26,Ponyo - R4,image207.png,image208.png
5/29/2025 10:15,,ponyo,kitaro-ponyo,P-26B,4.344016,-72.724239,,P,1.0,Otro,Otro,14.0,1050.0,Sí,aisladores,1.0,,Sencilla,,,,Pin,1.0,1.0,1.0,,,,No,,2.0,,,,"/storage/emulated/0/Download/RegistrosExportados/JPEG_20250529_101704_6087013665900711442.jpg,,,,,,",JPEG_20250529_101704_6087013665900711442.jpg,4.346814592,-72.72950307,PONYO-KITARO,P-26B,Kitaro - Ponyo,image111.png,image112.png
5/29/2025 15:42,,ponyo,ponyo-r4,P-27,,,,P,1.0,Retención,Triangular,,,Sí,"grapas, linepost y dps",1.0,,Doble,,3.0,3.0,Cadenas de aisladores,,,,1.0,1.0,1.0,No,linepost y dps ,2.0,,,,"/storage/emulated/0/Download/RegistrosExportados/JPEG_20250529_154511_1319810840231117559.jpg,,,,,",JPEG_20250529_154511_1319810840231117559.jpg,4.350361451,-72.74798394,R4-PONYO,P-27,Ponyo - R4,image205.png,image206.png
5/29/2025 10:17,,ponyo,kitaro-ponyo,P-27B,4.344016,-72.724239,,P,1.0,Otro,Otro,14.0,,Sí,aisladores,1.0,,Sencilla,,,,Pin,1.0,1.0,1.0,,,,No,,2.0,,,,"/storage/emulated/0/Download/RegistrosExportados/JPEG_20250529_102106_440500365156357914.jpg,,,,,,",JPEG_20250529_102106_440500365156357914.jpg,4.347203027,-72.72968937,PONYO-KITARO,P-27B,Kitaro - Ponyo,image113.png,image114.png
5/29/2025 15:38,,ponyo,ponyo-r4,P-28,,,,P,1.0,Retención,Triangular,,,Sí,linepost,1.0,,Sencilla,,1.0,1.0,Cadenas de aisladores,,,,,,,No,linepost ,2.0,,,,"/storage/emulated/0/Download/RegistrosExportados/JPEG_20250529_154150_3324731206207674406.jpg,,,,,,",JPEG_20250529_154150_3324731206207674406.jpg,4.349508622,-72.74813314,R4-PONYO,P-28,Ponyo - R4,image203.png,image204.png
5/29/2025 10:21,,ponyo,kitaro-ponyo,P-28B,4.344016,-72.724239,,P,1.0,Retención,Otro,14.0,1350.0,Sí,grapas,1.0,,Doble,,2.0,2.0,Cadenas de aisladores,,,,,,,No,linepost ,2.0,,,,"/storage/emulated/0/Download/RegistrosExportados/JPEG_20250529_102604_7536012972668764454.jpg,,,,,,",JPEG_20250529_102604_7536012972668764454.jpg,4.347598307,-72.72987936,PONYO-KITARO,P-28B,Kitaro - Ponyo,image115.png,image116.png
5/28/2025 15:46,,akira,akira-akiranoreste,P-28C,4.3479548,-72.7127466,28c y 29c juntos ,P,1.0,Retención,Canadiense,14.0,,Sí,grapas,1.0,1,Doble,,1.0,,Aislador,,,,,,,No,,2.0,,,,"/storage/emulated/0/Download/RegistrosExportados/JPEG_20250528_154717_2235362641970941477.jpg,,,,,,",JPEG_20250528_154717_2235362641970941477.jpg,4.3479548,-72.7127466,,,,,
5/29/2025 15:32,,ponyo,ponyo-r4,P-29,,,Retención ,P,1.0,Retención,Triangular,,,Sí,grapas y linepost,1.0,,Doble,,3.0,3.0,Cadenas de aisladores,,,,,,,No,linepost ,2.0,,,,"/storage/emulated/0/Download/RegistrosExportados/JPEG_20250529_153801_92186076063431248.jpg,,,,,,",JPEG_20250529_153801_92186076063431248.jpg,4.348660262,-72.7483031,R4-PONYO,P-29,Ponyo - R4,image201.png,image202.png
5/29/2025 10:26,,ponyo,kitaro-ponyo,P-29B,4.344016,-72.724239,,P,1.0,Retención,Otro,14.0,1350.0,Sí,grapas,1.0,,Doble,,2.0,2.0,Cadenas de aisladores,,,,1.0,0.0,1.0,No,linepost ,2.0,,,,"/storage/emulated/0/Download/RegistrosExportados/JPEG_20250529_102857_1654399956892168836.jpg,,,,,,",JPEG_20250529_102857_1654399956892168836.jpg,4.347841913,-72.73003204,PONYO-KITARO,P-29B,Kitaro - Ponyo,image117.png,image118.png
5/28/2025 15:38,Akira ,akira,akira-akiranoreste,P-29C,4.3479548,-72.7127466,"postes 28c y 29c juntos en retención canadiense, 29c con dps",P,1.0,Retención,Canadiense,14.0,,Sí,grapas,1.0,1,Doble,,1.0,,Aislador,,,,1.0,1.0,1.0,No,dps,2.0,,,,"/storage/emulated/0/Download/RegistrosExportados/JPEG_20250528_154122_7819524402808437999.jpg,,,,,",JPEG_20250528_154122_7819524402808437999.jpg,4.3479548,-72.7127466,,,,,
5/29/2025 15:26,,ponyo,ponyo-r4,P-30,4.3476984,-72.7335938,"Estructura en retención con derivación para cambio de ángulo, cadenas de aisladores externas de 6 discos ",P,1.0,Retención,Otro,16.0,1350.0,Sí,grapas,,1,Doble,,2.0,2.0,Cadenas de aisladores,,,,,,,No,linepost ,2.0,,,,"/storage/emulated/0/Download/RegistrosExportados/JPEG_20250529_153231_3145544223420824724.jpg,,,,,",JPEG_20250529_153231_3145544223420824724.jpg,4.348318892,-72.74857289,R4-PONYO,P-30,Ponyo - R4,image199.png,image200.png
5/29/2025 10:29,,ponyo,kitaro-ponyo,P-30B,4.344016,-72.724239,,P,1.0,Otro,Otro,14.0,1050.0,Sí,aisladores,1.0,,Sencilla,,,,Pin,1.0,1.0,1.0,0.0,1.0,0.0,No,1dps,2.0,,,,"/storage/emulated/0/Download/RegistrosExportados/JPEG_20250529_103238_1349948407643088194.jpg,,,,,,",JPEG_20250529_103238_1349948407643088194.jpg,4.348047563,-72.73032554,PONYO-KITARO,P-30B,Kitaro - Ponyo,image119.png,image120.png
5/29/2025 15:22,,ponyo,ponyo-r4,P-31,4.3476984,-72.7335938,Estructura en retención con cadena de aisladores de 8 discos en fase de la mitad ,P,1.0,Retención,Otro,14.0,,No,grapas,1.0,,Doble,,2.0,2.0,Cadenas de aisladores,,,,,,,No,,2.0,,,,"/storage/emulated/0/Download/RegistrosExportados/JPEG_20250529_152622_2367665984100954164.jpg,,,,,,",JPEG_20250529_152622_2367665984100954164.jpg,4.347492985,-72.74830961,R4-PONYO,P-31,Ponyo - R4,image197.png,image198.png
5/29/2025 10:34,,ponyo,kitaro-ponyo,P-31B,4.344016,-72.724239,,P,1.0,Retención,Otro,14.0,1350.0,Sí,grapas,1.0,,Doble,,1.0,,Cadenas de aisladores,,,,,,,No,linepost ,2.0,,,,"/storage/emulated/0/Download/RegistrosExportados/JPEG_20250529_103756_3169237698099990394.jpg,,,,,,",JPEG_20250529_103756_3169237698099990394.jpg,4.348260773,-72.7306295,PONYO-KITARO,P-31B,Kitaro - Ponyo,image121.png,image122.png
5/28/2025 15:32,,akira,akira-akiranoreste,P-31C,4.3479548,-72.7127466,suspensión canadiense ,P,1.0,Suspensión,Canadiense,14.0,,No,,1.0,1,Sencilla,,,,Aislador,,,,,,,No,,2.0,,,,"/storage/emulated/0/Download/RegistrosExportados/JPEG_20250528_153350_872321430646842312.jpg,,,,,,",JPEG_20250528_153350_872321430646842312.jpg,4.3479548,-72.7127466,,P-31C,Akira Norte - Akira NE,image33.png,image34.png
5/29/2025 15:19,,ponyo,ponyo-r4,P-32,4.3476984,-72.7335938,,P,1.0,Suspensión,Triangular,14.0,,No,,1.0,1,Sencilla,,,,Cadenas de aisladores,1.0,1.0,1.0,,,,No,,2.0,,,,"/storage/emulated/0/Download/RegistrosExportados/JPEG_20250529_152125_6225871199875326994.jpg,,,,,,",JPEG_20250529_152125_6225871199875326994.jpg,4.346696554,-72.74802828,R4-PONYO,P-32,Ponyo - R4,image195.png,image196.png
5/29/2025 10:38,,ponyo,kitaro-ponyo,P-32B,4.344016,-72.724239,,P,1.0,Retención,Otro,12.0,1050.0,Sí,grapas,1.0,,Doble,,1.0,1.0,Aislador,,,,,,,No,linepost ,2.0,,,,"/storage/emulated/0/Download/RegistrosExportados/JPEG_20250529_103933_5682650873446170000.jpg,,,,,,",JPEG_20250529_103933_5682650873446170000.jpg,4.348275613,-72.73077081,PONYO-KITARO,P-32B,Kitaro - Ponyo,image123.png,image124.png
5/28/2025 15:24,,akira,akira-akiranoreste,P-32C,4.3479548,-72.7127466,retención canadiense ,P,1.0,Retención,Canadiense,14.0,,Sí,grapas,1.0,1,Doble,,1.0,1.0,Aislador,,,,,,,No,,2.0,,,,"/storage/emulated/0/Download/RegistrosExportados/JPEG_20250528_153144_6751221877868008008.jpg,,,,,,",JPEG_20250528_153144_6751221877868008008.jpg,4.3479548,-72.7127466,,P-32C,Akira Norte - Akira NE,image31.png,image32.png
5/29/2025 15:14,,ponyo,ponyo-r4,P-33,4.3476984,-72.7335938,Estructura en retención con cadena de aisladores de 8 discos en la fase de la mitad ,P,1.0,Retención,Triangular,14.0,,Sí,grapas y dps,1.0,,Doble,,2.0,2.0,Cadenas de aisladores,,,,1.0,1.0,1.0,No,3 dps,2.0,,,,"/storage/emulated/0/Download/RegistrosExportados/JPEG_20250529_151852_8322066987814955636.jpg,,,,,,",JPEG_20250529_151852_8322066987814955636.jpg,4.345862018,-72.74773143,R4-PONYO,P-33,Ponyo - R4,image193.png,image194.png
5/28/2025 15:22,,akira,akira-akiranoreste,P-333C,4.3479548,-72.7127466,pullover con aisladores de 8 campanas ,P,1.0,Pullover,Canadiense,14.0,,Sí,grapas y puentes,,,Doble,,1.0,1.0,Aislador,,,,,,,No,,2.0,,,,"/storage/emulated/0/Download/RegistrosExportados/JPEG_20250528_152430_6574704327574735840.jpg,,,,,,",JPEG_20250528_152430_6574704327574735840.jpg,4.3479548,-72.7127466,,,,,
5/29/2025 10:39,,ponyo,kitaro-ponyo,P-33B,4.344016,-72.724239,Estructura de paso con cruceta superior para 2 dps ,P,1.0,Otro,Otro,12.0,510.0,Sí,aisladores,1.0,1,Sencilla,,,,Pin,1.0,1.0,1.0,1.0,0.0,1.0,No,2 dps,2.0,,,,"/storage/emulated/0/Download/RegistrosExportados/JPEG_20250529_104239_849312509971072331.jpg,,,,,,",JPEG_20250529_104239_849312509971072331.jpg,4.348338494,-72.73140517,PONYO-KITARO,,,,
5/29/2025 15:10,,ponyo,ponyo-r4,P-34,4.3476984,-72.7335938,,P,1.0,Suspensión,Triangular,14.0,1050.0,No,,1.0,1,Sencilla,,,,Cadenas de aisladores,1.0,1.0,1.0,,,,No,,2.0,,,,"/storage/emulated/0/Download/RegistrosExportados/JPEG_20250529_151313_555379555086885976.jpg,,,,,,",JPEG_20250529_151313_555379555086885976.jpg,4.345034807,-72.74745052,R4-PONYO,P-34,Ponyo - R4,image191.png,image192.png
5/29/2025 10:43,,ponyo,kitaro-ponyo,P-34B,4.344016,-72.724239,Estructura de paso con 1 dps en fase de la mitad ,P,1.0,Otro,Canadiense,12.0,510.0,Sí,aisladores,1.0,,Sencilla,,,,Pin,1.0,1.0,1.0,0.0,1.0,0.0,No,1 dps,2.0,,,,"/storage/emulated/0/Download/RegistrosExportados/JPEG_20250529_104720_1132207361445915588.jpg,,,,,,",JPEG_20250529_104720_1132207361445915588.jpg,4.348399418,-72.7320081,PONYO-KITARO,,,,
5/28/2025 15:17,,akira noreste,akira-akiranoreste,P-34C,4.3479548,-72.7127466,"terminal con derivación para subterranizar, con seccionadores monopolares y premoldeados , sin templete por vano flojo",P,1.0,Otro,Otro,14.0,1050.0,Sí,grapas y crucetas,1.0,2,Doble,bayonetas cortas ,,,Aislador,,,,1.0,1.0,1.0,Sí,seccionadores monopolares y dps,2.0,,,,"/storage/emulated/0/Download/RegistrosExportados/JPEG_20250528_152226_1400267481695363927.jpg,,,,",JPEG_20250528_152226_1400267481695363927.jpg,4.3479548,-72.7127466,,P-34C,Akira Norte - Akira NE,image29.png,image30.png
5/29/2025 15:07,,ponyo,ponyo-r4,P-35,4.3476984,-72.7335938,,P,1.0,Suspensión,Triangular,14.0,1050.0,No,,1.0,1,Sencilla,,,,Aislador,1.0,1.0,1.0,,,,No,,2.0,,,,"/storage/emulated/0/Download/RegistrosExportados/JPEG_20250529_150958_4995483252540070945.jpg,,,,,,",JPEG_20250529_150958_4995483252540070945.jpg,4.344210766,-72.74716981,R4-PONYO,P-35,Ponyo - R4,image189.png,image190.png
5/29/2025 10:47,,ponyo,kitaro-ponyo,P-35B,4.344016,-72.724239,,P,1.0,Otro,Otro,12.0,510.0,Sí,aisladores,1.0,,Sencilla,,,,Pin,1.0,1.0,1.0,,,,No,,2.0,,,,"/storage/emulated/0/Download/RegistrosExportados/JPEG_20250529_105102_2441226171790178111.jpg,,,,,,",JPEG_20250529_105102_2441226171790178111.jpg,4.348459678,-72.73261427,PONYO-KITARO,P-35B,Kitaro - Ponyo,image125.png,image126.png
5/29/2025 15:01,,r4,ponyo-r4,P-36,4.3476984,-72.7335938,Estructura en retención con cadena de aisladores de 8 discos en la fase de la mitad ,P,1.0,Retención,Otro,14.0,1050.0,Sí,grapas,1.0,,Doble,,2.0,2.0,Cadenas de aisladores,,,,,,,No,linepost ,2.0,,,,"/storage/emulated/0/Download/RegistrosExportados/JPEG_20250529_150700_4753569827215432871.jpg,,,,,,",JPEG_20250529_150700_4753569827215432871.jpg,4.34339679,-72.74689051,R4-PONYO,P-36,Ponyo - R4,image187.png,image188.png
5/29/2025 10:51,,ponyo,kitaro-ponyo,P-36B,4.344016,-72.724239,,P,1.0,Retención,Otro,12.0,1050.0,Sí,grapas,1.0,,Doble,,2.0,2.0,Cadenas de aisladores,,,,,,,No,linepost ,2.0,,,,"/storage/emulated/0/Download/RegistrosExportados/JPEG_20250529_105511_4739705838980265817.jpg,,,,,,",JPEG_20250529_105511_4739705838980265817.jpg,4.348519941,-72.73321495,PONYO-KITARO,,,,
5/29/2025 14:55,,ponyo,ponyo-r4,P-37,4.3476984,-72.7335938,"Estructura en retención con derivación para cambio de ángulo, 1 dps de la mitad  ",P,1.0,Retención,Otro,16.0,1350.0,Sí,grapas y templetes,1.0,1,Doble,,3.0,3.0,Cadenas de aisladores,,,,0.0,1.0,0.0,No,linepost y 1 dps ,2.0,,,,"/storage/emulated/0/Download/RegistrosExportados/JPEG_20250529_150143_7445427825552574936.jpg,,,,,",JPEG_20250529_150143_7445427825552574936.jpg,4.342411188,-72.74655174,R4-PONYO,P-37,Ponyo - R4,image185.png,image186.png
5/29/2025 10:55,,ponyo,kitaro-ponyo,P-37B,4.344016,-72.724239,"Estructura con tres niveles de crucetas para derivación a Ponyo 1, 2 y 3 y otro para continuar a R4",P,1.0,Retención,Otro,14.0,1350.0,Sí,grapas,2.0,1,Doble,,2.0,2.0,Cadenas de aisladores,,,,,,,No,linepost ,2.0,,,,"/storage/emulated/0/Download/RegistrosExportados/JPEG_20250529_110138_1520293310393144995.jpg,,,,,",JPEG_20250529_110138_1520293310393144995.jpg,4.348419825,-72.73385437,PONYO 1-2-3,P-37B,Kitaro - Ponyo,image127.png,image128.png
5/29/2025 10:55,,ponyo,kitaro-ponyo,P-37B,4.344016,-72.724239,"Estructura con tres niveles de crucetas para derivación a Ponyo 1, 2 y 3 y otro para continuar a R4",P,1.0,Retención,Otro,14.0,1350.0,Sí,grapas,2.0,1,Doble,,2.0,2.0,Cadenas de aisladores,,,,,,,No,linepost ,2.0,,,,"/storage/emulated/0/Download/RegistrosExportados/JPEG_20250529_110138_1520293310393144995.jpg,,,,,",JPEG_20250529_110138_1520293310393144995.jpg,4.348419825,-72.73385437,PONYO-KITARO,P-37B,Kitaro - Ponyo,image127.png,image128.png
5/29/2025 14:50,,ponyo,ponyo-r4,P-38,4.3476984,-72.7335938,Estructura en retención con cadena de aisladores de 8 discos en fase de la mitad y 2 dps en fases externas ,P,1.0,Retención,Otro,16.0,1050.0,Sí,grapas y dps,1.0,,Doble,,2.0,2.0,Cadenas de aisladores,,,,1.0,0.0,1.0,No,linepost ,2.0,,,,"/storage/emulated/0/Download/RegistrosExportados/JPEG_20250529_145433_5558482283258642060.jpg,,,,,,",JPEG_20250529_145433_5558482283258642060.jpg,4.34241932,-72.74611483,R4-PONYO,P-38,Ponyo - R4,image183.png,image184.png
5/29/2025 11:25,,ponyo,kitaro-ponyo,P-38B,4.3476984,-72.7335938,"Estructura en retención con derivación a dos niveles, cruceta superior con cadenas de aisladores que llevan el circuito kitaro -ponyo y el circuito inferior es alimentación de ponyo y está con aisladores de distribución de 8 campanas y doble linepost en los puentes y la cruceta en bandera",P,1.0,Retención,Otro,14.0,1050.0,Sí,grapas,1.0,1,Doble,,2.0,,Cadenas de aisladores,,,,,,,No,linepost ,2.0,,,,"/storage/emulated/0/Download/RegistrosExportados/JPEG_20250529_113213_3489566892022621792.jpg,,,,,",JPEG_20250529_113213_3489566892022621792.jpg,4.348928076,-72.73408474,PONYO-KITARO,P-38B,Kitaro - Ponyo,image135.png,image136.png
5/29/2025 14:47,,ponyo,ponyo-r4,P-39,4.3476984,-72.7335938,Estructura de paso con cruceta superior con cadena de aisladores en suspensión sin uso evidente ,P,1.0,Otro,Otro,14.0,1050.0,Sí,aisladores,1.0,1,Sencilla,,,,Pin,1.0,1.0,1.0,,,,No,cadena de aisladores en suspensión sin uso evidente ,2.0,,,,"/storage/emulated/0/Download/RegistrosExportados/JPEG_20250529_145021_6184141875368580535.jpg,,,,,,",JPEG_20250529_145021_6184141875368580535.jpg,4.34243664,-72.7451248,R4-PONYO,P-39,Ponyo - R4,image181.png,image182.png
5/29/2025 11:39,,ponyo,kitaro-ponyo,P-39B,4.3476984,-72.7335938,Condiciones similares a la estructura 38b,P,1.0,Retención,Otro,14.0,1050.0,Sí,grapas y crucetas,1.0,1,Doble,,2.0,2.0,Cadenas de aisladores,,,,,,,No,linepost ,2.0,,,,"/storage/emulated/0/Download/RegistrosExportados/JPEG_20250529_114353_5554892380199036354.jpg,,,,,,",JPEG_20250529_114353_5554892380199036354.jpg,4.349067813,-72.73442288,PONYO-KITARO,P-39B,Kitaro - Ponyo,image137.png,image138.png
5/29/2025 14:43,,ponyo,ponyo-r4,P-40,4.3476984,-72.7335938,Estructura de paso con cruceta superior con cadena de aisladores en suspensión sin uso evidente ,P,1.0,Otro,Otro,14.0,,Sí,aisladores,1.0,1,Sencilla,,,,Pin,1.0,1.0,1.0,,,,No,cadena de aisladores en suspensión sin uso evidente ,2.0,,,,"/storage/emulated/0/Download/RegistrosExportados/JPEG_20250529_144743_3622816633804010688.jpg,,,,,,",JPEG_20250529_144743_3622816633804010688.jpg,4.342451053,-72.74441118,R4-PONYO,,,,
5/29/2025 11:54,,ponyo,ponyo-r4,P-40B,4.3476984,-72.7335938,"Estructura P-40b es una estructura de tres postes con dos juegos de pt y 1 de ct, con reconectador Noja y dos juegos de seccionadores monopolares ",P,1.0,Otro,Otro,14.0,,Sí,"grapas, crucetas y reconectador",3.0,2,Doble,Bayoneta solo en el poste de la mitad ,1.0,1.0,Cadenas de aisladores,,,,1.0,1.0,1.0,Sí,"Pt, ct, reconectador, seccionadores monopolares, linepost ",3.0,,,,/storage/emulated/0/Download/RegistrosExportados/JPEG_20250529_132202_136793534350056513.jpg,JPEG_20250529_132202_136793534350056513.jpg,4.3476984,-72.7335938,,,,,
5/30/2025 11:54,,jacana sur,jacana-cabrestero,P-40J,,,,P,1.0,Suspensión,Canadiense,14.0,,No,,1.0,1,Sencilla,,,,Aislador,1.0,1.0,1.0,1.0,1.0,1.0,No,Dps,2.0,,,,"/storage/emulated/0/Download/RegistrosExportados/JPEG_20250530_115423_4358307262369930293.jpg,,,,,,",JPEG_20250530_115423_4358307262369930293.jpg,4.375490553,-72.73718848,JAC-R4,,,,
5/29/2025 14:41,,ponyo,ponyo-r4,P-41,4.3476984,-72.7335938,Estructura de paso con cruceta superior con cadena de aisladores en suspensión sin uso evidente y 1 dps para la fase de la mitad ,P,1.0,Otro,Otro,14.0,1050.0,Sí,aisladores y dps,1.0,1,Sencilla,,,,Pin,1.0,1.0,1.0,0.0,1.0,0.0,No,cadena de aisladores en suspensión sin uso evidente y 1 dps ,2.0,,,,"/storage/emulated/0/Download/RegistrosExportados/JPEG_20250529_144331_3450000803746010005.jpg,,,,,,",JPEG_20250529_144331_3450000803746010005.jpg,4.342465354,-72.74369975,R4-PONYO,P-41,Ponyo - R4,image179.png,image180.png
5/29/2025 11:46,,ponyo,kitaro-ponyo,P-41B,4.3476984,-72.7335938,Estructura en retención con cruceta inferior para seccionadores monopolares y subterranización,P,1.0,Retención,Otro,14.0,,Sí,grapas,1.0,1,Doble,,,,Cadenas de aisladores,,,,,,,Sí,linepost ,2.0,,,,"/storage/emulated/0/Download/RegistrosExportados/JPEG_20250529_115428_8028929747988986950.jpg,,,,,,",JPEG_20250529_115428_8028929747988986950.jpg,4.3476984,-72.7335938,,P-41B,Kitaro - Ponyo,image139.png,image140.png
5/30/2025 11:47,,jacana,jacana-cabrestero,P-41J,,,,P,1.0,Pullover,Canadiense,14.0,,Sí,grapas,,,Doble,,3.0,,Aislador,2.0,2.0,2.0,,,,No,,2.0,,,,"/storage/emulated/0/Download/RegistrosExportados/JPEG_20250530_115354_6768894522785762928.jpg,,,,,,",JPEG_20250530_115354_6768894522785762928.jpg,4.375880833,-72.73718292,JAC-R4,,,,
5/29/2025 14:35,,ponyo,ponyo-r4,P-42,,,,P,1.0,Retención,Otro,14.0,,Sí,grapas y templetes,1.0,,Doble,,3.0,3.0,Cadenas de aisladores,,,,1.0,0.0,1.0,No,2 dps y linepost ,2.0,,,,"/storage/emulated/0/Download/RegistrosExportados/JPEG_20250529_144107_7264488766267989405.jpg,,,,,,",JPEG_20250529_144107_7264488766267989405.jpg,4.342480147,-72.74298692,R4-PONYO,P-42,Ponyo - R4,image177.png,image178.png
5/29/2025 11:02,,ponyo,ponyo1,P-42B,4.3480413,-72.7349726,Estructura indicada como Ponyo 1 es la P-42b,P,1.0,Retención,Otro,14.0,1050.0,Sí,grapas y puentes,1.0,,Doble,,2.0,2.0,Cadenas de aisladores,,,,1.0,0.0,1.0,No,2 dps,2.0,,,,"/storage/emulated/0/Download/RegistrosExportados/JPEG_20250529_111155_8499497625990600369.jpg,,,,,,",JPEG_20250529_111155_8499497625990600369.jpg,4.3480413,-72.7349726,,P-42B,Kitaro - Ponyo,image129.png,image130.png
5/30/2025 11:44,,jacana sur,jacana-cabrestero,P-42J,,,,P,,Suspensión,Canadiense,14.0,,No,,1.0,1,Sencilla,,,,Aislador,1.0,1.0,1.0,,,,No,,2.0,,,,"/storage/emulated/0/Download/RegistrosExportados/JPEG_20250530_114746_5397720418114933307.jpg,,,,,,",JPEG_20250530_114746_5397720418114933307.jpg,4.376477734,-72.73673854,JAC-R4,,,,
5/29/2025 14:31,,ponyo,ponyo-r4,P-43,4.3476984,-72.7335938,Estructura de paso con cruceta superior con cadena de aisladores en suspensión sin uso evidente ,P,1.0,Otro,Otro,14.0,1050.0,Sí,aisladores,1.0,1,Sencilla,,,,Pin,1.0,1.0,1.0,,,,No,cadena de aisladores en suspensión sin uso evidente ,2.0,,,,"/storage/emulated/0/Download/RegistrosExportados/JPEG_20250529_143516_1989869781990899385.jpg,,,,,,",JPEG_20250529_143516_1989869781990899385.jpg,4.342807566,-72.74242175,R4-PONYO,P-43,Ponyo - R4,image173.png,image174.png
5/29/2025 14:31,,ponyo,ponyo-r4,P-43,4.3476984,-72.7335938,Estructura de paso con cruceta superior con cadena de aisladores en suspensión sin uso evidente ,P,1.0,Otro,Otro,14.0,1050.0,Sí,aisladores,1.0,1,Sencilla,,,,Pin,1.0,1.0,1.0,,,,No,cadena de aisladores en suspensión sin uso evidente ,2.0,,,,"/storage/emulated/0/Download/RegistrosExportados/JPEG_20250529_143516_1989869781990899385.jpg,,,,,,",JPEG_20250529_143516_1989869781990899385.jpg,4.342807566,-72.74242175,R4-PONYO,P-43,Ponyo - R4,image175.png,image176.png
5/29/2025 11:12,,ponyo,kitaro-ponyo,P-43B,4.3480413,-72.7349726,Estructura indicada como Ponyo 2 - Tagueada como P-43b. Estructura de paso con 1 dps ,P,1.0,Otro,Canadiense,14.0,750.0,Sí,aisladores,1.0,,Sencilla,,,,Aislador,1.0,1.0,1.0,0.0,1.0,0.0,No,1 dps,2.0,,,,"/storage/emulated/0/Download/RegistrosExportados/JPEG_20250529_111841_6509353774060614180.jpg,,,,,,",JPEG_20250529_111841_6509353774060614180.jpg,4.3480413,-72.7349726,,P-43B,Kitaro - Ponyo,image131.png,image132.png
5/30/2025 11:43,,jacana sur,jacana-cabrestero,P-43J,,,,P,1.0,Suspensión,Canadiense,14.0,,No,,1.0,1,Sencilla,,,,Aislador,1.0,1.0,1.0,,,,No,,2.0,,,,"/storage/emulated/0/Download/RegistrosExportados/JPEG_20250530_114426_1511436755114077724.jpg,,,,,,",JPEG_20250530_114426_1511436755114077724.jpg,4.377058913,-72.73630977,JAC-R4,,,,
5/29/2025 14:27,,ponyo,ponyo-r4,P-44,4.3476984,-72.7335938,Estructura de paso con cruceta superior con cadena de aisladores en suspensión sin uso evidente y 1 dps en fase de la mitad ,P,1.0,Otro,Otro,14.0,1050.0,Sí,aisladores,1.0,,Sencilla,,,,Aislador,1.0,1.0,1.0,0.0,1.0,0.0,No,cadena de aisladores en suspensión sin uso evidente ,2.0,,,,"/storage/emulated/0/Download/RegistrosExportados/JPEG_20250529_143100_2828500916098751842.jpg,,,,,,",JPEG_20250529_143100_2828500916098751842.jpg,4.343132501,-72.74185938,R4-PONYO,P-44,Ponyo - R4,image171.png,image172.png
5/29/2025 11:19,,ponyo,ponyo3,P-44B,4.3476984,-72.7335938,Estructura indicada como Ponyo 3 _ Tagueada como P-44b. Estructura en derivación hacia pórtico Ponyo 2 ,P,1.0,Otro,Otro,14.0,1050.0,Sí,grapas,2.0,,Doble,Bayonetas cortas ,1.0,0.0,Cadenas de aisladores,,,,,,,No,linepost ,2.0,,,,"/storage/emulated/0/Download/RegistrosExportados/JPEG_20250529_112505_1066024139273866676.jpg,,,,,,",JPEG_20250529_112505_1066024139273866676.jpg,4.3476984,-72.7335938,,P-44B,Kitaro - Ponyo,image133.png,image134.png
5/30/2025 11:37,,jacana sur,jacana-cabrestero,P-44J,,,,P,1.0,Pullover,Canadiense,14.0,,Sí,grapas y puentes,,,Doble,,5.0,5.0,Aislador,2.0,2.0,2.0,,,,No,,2.0,,,,"/storage/emulated/0/Download/RegistrosExportados/JPEG_20250530_114259_5408699572861250376.jpg,,,,,,",JPEG_20250530_114259_5408699572861250376.jpg,4.377482982,-72.7359913,JAC-R4,,,,
5/29/2025 14:22,,ponyo,ponyo-r4,P-45,4.3476984,-72.7335938,Estructura retención con cadena de aisladores de 8 discos en fase de la mitad y 2 dps en fases externas ,P,1.0,Retención,Otro,14.0,,Sí,grapas,1.0,,Doble,,3.0,3.0,Cadenas de aisladores,,,,1.0,0.0,1.0,No,2 dps y linepost ,2.0,,,,"/storage/emulated/0/Download/RegistrosExportados/JPEG_20250529_142640_3569643057688721960.jpg,,,,,,",JPEG_20250529_142640_3569643057688721960.jpg,4.34345997,-72.74129345,R4-PONYO,P-45,Ponyo - R4,image169.png,image170.png
5/30/2025 11:28,,jacana,jacana-cabrestero,P-45J,,,,P,1.0,Pullover,Canadiense,14.0,,Sí,grapas y puentes,,,Doble,,3.0,3.0,Aislador,2.0,2.0,2.0,,,,No,,2.0,,,,"/storage/emulated/0/Download/RegistrosExportados/JPEG_20250530_113731_7709759810339159127.jpg,,,,,,",JPEG_20250530_113731_7709759810339159127.jpg,4.378021322,-72.73659279,JAC-R4,,,,
5/29/2025 14:19,,ponyo,ponyo-r4,P-46,4.3476984,-72.7335938,Estructura de paso con cruceta superior con cadena de aisladores en suspensión sin uso evidente ,P,1.0,Otro,Otro,14.0,1050.0,Sí,aisladores,1.0,1,Sencilla,,,,Pin,1.0,1.0,1.0,,,,No,Cadena de aisladores en suspensión sin uso evidente ,2.0,,,,"/storage/emulated/0/Download/RegistrosExportados/JPEG_20250529_142245_3392926549090818085.jpg,,,,,,",JPEG_20250529_142245_3392926549090818085.jpg,4.343755251,-72.74094128,R4-PONYO,P-46,Ponyo - R4,image167.png,image168.png
5/30/2025 11:24,,jacana,jacana-cabrestero,P-46J,,,,P,1.0,Pullover,Canadiense,14.0,,Sí,grapas y puentes,,,Doble,,3.0,3.0,Aislador,2.0,2.0,2.0,,,,No,,2.0,,,,"/storage/emulated/0/Download/RegistrosExportados/JPEG_20250530_112831_3438441797989070321.jpg,,,,,,",JPEG_20250530_112831_3438441797989070321.jpg,4.378266703,-72.73668321,JAC-R4,,,,
5/30/2025 11:20,,jacana,jacana-cabrestero,P-47J,4.3831619,-72.7334604,,P,1.0,Pullover,Canadiense,14.0,,Sí,grapas y puentes,,,Doble,,3.0,3.0,Aislador,2.0,2.0,2.0,,,,No,,2.0,,,,"/storage/emulated/0/Download/RegistrosExportados/JPEG_20250530_112359_6341922374519582543.jpg,,,,,,",JPEG_20250530_112359_6341922374519582543.jpg,4.378499728,-72.73663936,JAC-R4,,,,
5/29/2025 14:09,,ponyo,ponyo-r4,P-48,4.3476984,-72.7335938,Estructura de paso con cruceta superior con cadena de aisladores sin uso evidente ,P,1.0,Otro,Otro,14.0,1050.0,Sí,aisladores,1.0,1,Sencilla,,,,Pin,1.0,1.0,1.0,,,,No,Cadena de aisladores sin uso evidente ,2.0,,,,"/storage/emulated/0/Download/RegistrosExportados/JPEG_20250529_141356_7845289115660867384.jpg,,,,,,",JPEG_20250529_141356_7845289115660867384.jpg,4.344430423,-72.74019317,R4-PONYO,P-48,Ponyo - R4,image163.png,image164.png
5/30/2025 11:17,,jacana,jacana-cabrestero,P-48J,4.3831619,-72.7334604,,P,1.0,Pullover,Canadiense,14.0,,Sí,grapas y puentes,,,Doble,,2.0,,Aislador,2.0,2.0,2.0,,,,No,Linepost ,2.0,,,,"/storage/emulated/0/Download/RegistrosExportados/JPEG_20250530_111955_4235251424516012263.jpg,,,,,,",JPEG_20250530_111955_4235251424516012263.jpg,4.379155667,-72.73617963,JAC-R4,,,,
5/29/2025 14:06,,ponyo,ponyo-r4,P-49,4.3476984,-72.7335938,"Estructura en retención usada como paso, con 2 dps",P,1.0,Retención,Otro,14.0,1050.0,Sí,grapas,1.0,,Doble,,1.0,1.0,Cadenas de aisladores,,,,1.0,0.0,1.0,No,linepost y 2 dps ,2.0,,,,"/storage/emulated/0/Download/RegistrosExportados/JPEG_20250529_140847_3376746353878817317.jpg,,,,,",JPEG_20250529_140847_3376746353878817317.jpg,4.344808208,-72.73979837,R4-PONYO,P-49,Ponyo - R4,image161.png,image162.png
5/30/2025 11:13,,jacana,jacana-cabrestero,P-49J,,,,P,1.0,Suspensión,Canadiense,14.0,,Sí,dps,1.0,1,Sencilla,,,,Aislador,1.0,1.0,1.0,1.0,1.0,1.0,No,Dps,2.0,,,,"/storage/emulated/0/Download/RegistrosExportados/JPEG_20250530_111652_1987820120212464150.jpg,,,,,,",JPEG_20250530_111652_1987820120212464150.jpg,4.379794611,-72.73567712,JAC-R4,,,,
5/29/2025 14:02,,ponyo,ponyo-r4,P-50,4.3476984,-72.7335938,,P,1.0,Retención,Otro,14.0,1050.0,Sí,grapas,1.0,,Doble,,1.0,1.0,Cadenas de aisladores,,,,,,,No,linepost ,2.0,,,,"/storage/emulated/0/Download/RegistrosExportados/JPEG_20250529_140423_3866846708211845347.jpg,,,,,,",JPEG_20250529_140423_3866846708211845347.jpg,4.345283093,-72.73933598,R4-PONYO,P-50,Ponyo - R4,image159.png,image160.png
5/30/2025 11:09,,jacana,jacana-cabrestero,P-50J,,,,P,1.0,Suspensión,Canadiense,14.0,,No,,1.0,1,Sencilla,,,,Aislador,1.0,1.0,1.0,,,,No,,2.0,,,,"/storage/emulated/0/Download/RegistrosExportados/JPEG_20250530_111303_4881503745135360132.jpg,,,,,,",JPEG_20250530_111303_4881503745135360132.jpg,4.380421506,-72.73518312,JAC-R4,,,,
5/29/2025 13:59,,ponyo,ponyo-r4,P-51,4.3476984,-72.7335938,Estructura en retención usada como de paso ,P,1.0,Retención,Otro,14.0,,Sí,grapas,1.0,,Doble,,,,Cadenas de aisladores,,,,,,,No,linepost ,2.0,,,,"/storage/emulated/0/Download/RegistrosExportados/JPEG_20250529_140207_2599217621221603712.jpg,,,,,,",JPEG_20250529_140207_2599217621221603712.jpg,4.345820805,-72.7389843,R4-PONYO,P-51,Ponyo - R4,image157.png,image158.png
5/30/2025 11:07,,jacana,jacana-cabrestero,P-51J,4.3831619,-72.7334604,,P,1.0,Suspensión,Canadiense,14.0,,No,,1.0,1,Sencilla,,,,Aislador,1.0,1.0,1.0,,,,No,,2.0,,,,"/storage/emulated/0/Download/RegistrosExportados/JPEG_20250530_110939_402546036774440462.jpg,,,,,,",JPEG_20250530_110939_402546036774440462.jpg,4.381074027,-72.73466888,JAC-R4,P-51J,R4 - Jacana,image275.png,image276.png
5/29/2025 13:56,,ponyo,ponyo-r4,P-52,4.3476984,-72.7335938,Estructura en retención ,P,1.0,Retención,Otro,14.0,,Sí,grapas y dps,1.0,,Doble,,,,Cadenas de aisladores,,,,1.0,0.0,1.0,No,2 dps y linepost ,2.0,,,,"/storage/emulated/0/Download/RegistrosExportados/JPEG_20250529_135923_6799626718709450806.jpg,,,,,,",JPEG_20250529_135923_6799626718709450806.jpg,4.346151123,-72.73852971,R4-PONYO,P-52,Ponyo - R4,image155.png,image156.png
5/29/2025 13:51,,ponyo,ponyo-r4,P-53,4.3476984,-72.7335938,Estructura en retención con Cadena de aisladores de 7 discos únicamente en un costado del circuito de la mitad para mantener espacio al dps,P,1.0,Retención,Otro,14.0,1050.0,Sí,grapas,1.0,,Doble,,1.0,,Cadenas de aisladores,,,,0.0,1.0,0.0,No,linepost ,2.0,,,,"/storage/emulated/0/Download/RegistrosExportados/JPEG_20250529_135603_7718619326095945896.jpg,,,,,,",JPEG_20250529_135603_7718619326095945896.jpg,4.34636285,-72.73803963,R4-PONYO,P-53,Ponyo - R4,image153.png,image154.png
5/30/2025 11:01,,jacana,jacana-cabrestero,P-53J,,,,P,1.0,Suspensión,Canadiense,14.0,,No,,1.0,1,Sencilla,,,,Aislador,1.0,1.0,1.0,,,,No,,2.0,,,,"/storage/emulated/0/Download/RegistrosExportados/JPEG_20250530_110632_7449305831462535139.jpg,,,,,,",JPEG_20250530_110632_7449305831462535139.jpg,4.382333489,-72.7336788,JAC-R4,P-53J,R4 - Jacana,image271.png,image272.png
5/30/2025 10:58,,jacana,jacana-cabrestero,P-53J,,,,P,1.0,Retención,Canadiense,14.0,,Sí,grapas y dps,1.0,1,Doble,,2.0,,Aislador,2.0,2.0,2.0,1.0,1.0,1.0,No,Dps,2.0,,,,"/storage/emulated/0/Download/RegistrosExportados/JPEG_20250530_110111_2725969319818750768.jpg,,,,,,",JPEG_20250530_110111_2725969319818750768.jpg,4.382333489,-72.7336788,JAC-R4,P-53J,R4 - Jacana,image271.png,image272.png
5/29/2025 13:47,,ponyo,ponyo-r4,P-54,4.3476984,-72.7335938,,P,1.0,Otro,Otro,14.0,,Sí,aisladores,1.0,,Sencilla,,,,Pin,1.0,1.0,1.0,,,,No,,,,,,"/storage/emulated/0/Download/RegistrosExportados/JPEG_20250529_135118_4966104742045652412.jpg,,,,,,",JPEG_20250529_135118_4966104742045652412.jpg,4.346685694,-72.73727453,R4-PONYO,P-54,Ponyo - R4,image151.png,image152.png
5/30/2025 10:53,,jacana,jacana-cabrestero,P-54J,4.3861946,-72.7257862,,P,1.0,Suspensión,Canadiense,14.0,,No,,1.0,1,Sencilla,,,,Aislador,1.0,1.0,1.0,,,,No,,2.0,,,,"/storage/emulated/0/Download/RegistrosExportados/JPEG_20250530_105759_9125191197519681527.jpg,,,,,,",JPEG_20250530_105759_9125191197519681527.jpg,4.382968629,-72.73317265,JAC-R4,P-54J,R4 - Jacana,image269.png,image270.png
5/29/2025 13:41,,ponyo,ponyo-r4,P-55,4.3476984,-72.7335938,,P,1.0,Otro,Otro,14.0,1050.0,Sí,aisladores,1.0,,Sencilla,,,,Pin,1.0,1.0,1.0,,,,No,,2.0,,,,"/storage/emulated/0/Download/RegistrosExportados/JPEG_20250529_134644_8673034791603158087.jpg,,,,,,",JPEG_20250529_134644_8673034791603158087.jpg,4.34701416,-72.7365123,R4-PONYO,P-55,Ponyo - R4,image149.png,image150.png
5/30/2025 10:50,,jacana,jacana-cabrestero,P-55J,,,,P,1.0,Suspensión,Canadiense,14.0,,No,,1.0,1,Sencilla,,,,Aislador,1.0,1.0,1.0,,,,No,,2.0,,,,"/storage/emulated/0/Download/RegistrosExportados/JPEG_20250530_105327_6606504296304692754.jpg,,,,,,",JPEG_20250530_105327_6606504296304692754.jpg,4.383607899,-72.73266504,JAC-R4,P-55J,R4 - Jacana,image267.png,image268.png
5/29/2025 13:36,,ponyo,ponyo-r4,P-56,4.3476984,-72.7335938,Estructura en retención con derivación para cambio de ángulo ,P,1.0,Retención,Otro,14.0,1050.0,Sí,grapas,1.0,1,Doble,,2.0,2.0,Cadenas de aisladores,,,,1.0,1.0,1.0,No,Dps y linepost ,2.0,,,,"/storage/emulated/0/Download/RegistrosExportados/JPEG_20250529_134103_8566367019606310245.jpg,,,,,,",JPEG_20250529_134103_8566367019606310245.jpg,4.347341921,-72.73575233,R4-PONYO,P-56,Ponyo - R4,image147.png,image148.png
5/30/2025 10:47,,jacana,jacana-cabrestero,P-56J,,,,P,1.0,Suspensión,Canadiense,14.0,,No,,1.0,1,Sencilla,,,,Aislador,1.0,1.0,1.0,,,,No,,2.0,,,,"/storage/emulated/0/Download/RegistrosExportados/JPEG_20250530_104955_7870255192736822209.jpg,,,,,,",JPEG_20250530_104955_7870255192736822209.jpg,4.384241991,-72.7321602,JAC-R4,P-56J,R4 - Jacana,image265.png,image266.png
5/29/2025 13:33,,ponyo,ponyo-r4,P-57,4.3476984,-72.7335938,,P,1.0,Retención,Otro,14.0,1050.0,Sí,grapas,1.0,,Doble,,2.0,2.0,Cadenas de aisladores,,,,,,,No,linepost ,1.0,,,,"/storage/emulated/0/Download/RegistrosExportados/JPEG_20250529_133647_6792041280144362013.jpg,,,,,,",JPEG_20250529_133647_6792041280144362013.jpg,4.348160408,-72.73591621,R4-PONYO,P-57,Ponyo - R4,image145.png,image146.png
5/30/2025 10:43,,jacana,jacana-cabrestero,P-57J,4.3861946,-72.7257862,,P,1.0,Suspensión,Canadiense,14.0,,No,,1.0,1,Sencilla,,,,Aislador,1.0,1.0,1.0,1.0,1.0,1.0,No,dps ,2.0,,,,"/storage/emulated/0/Download/RegistrosExportados/JPEG_20250530_104631_5304236937896407442.jpg,,,,,,",JPEG_20250530_104631_5304236937896407442.jpg,4.384877492,-72.73165438,JAC-R4,P-57J,R4 - Jacana,image263.png,image264.png
5/29/2025 13:29,,ponyo,ponyo-r4,P-58,4.3476984,-72.7335938,"Estructura en derivación para cambio de ángulo, 2 niveles de crucetas ",P,1.0,Retención,Otro,14.0,,Sí,grapas,,,Doble,,2.0,2.0,Cadenas de aisladores,,,,,,,No,linepost ,2.0,,,,"/storage/emulated/0/Download/RegistrosExportados/JPEG_20250529_133254_4478233415385643357.jpg,,,,,",JPEG_20250529_133254_4478233415385643357.jpg,4.34856119,-72.73578781,R4-PONYO,P-58,Ponyo - R4,image143.png,image144.png
5/30/2025 10:40,,jacana,jacana-cabrestero,P-58J,4.3861946,-72.7257862,,P,1.0,Retención,Canadiense,14.0,,Sí,"grapas, puentes y templetes",1.0,1,Doble,,3.0,3.0,Aislador,2.0,2.0,2.0,,,,No,,2.0,,,,"/storage/emulated/0/Download/RegistrosExportados/JPEG_20250530_104329_8694312126480937026.jpg,,,,,",JPEG_20250530_104329_8694312126480937026.jpg,4.385248129,-72.7313631,JAC-R4,P-58J,R4 - Jacana,image261.png,image262.png
5/29/2025 13:22,,ponyo,ponyo-r4,P-59,4.3476984,-72.7335938,Estructura de paso ,P,1.0,Otro,Otro,14.0,1050.0,Sí,aisladores,1.0,,Sencilla,,,,Aislador,1.0,1.0,1.0,,,,No,,2.0,,,,"/storage/emulated/0/Download/RegistrosExportados/JPEG_20250529_132852_718152561367039341.jpg,,,,,,",JPEG_20250529_132852_718152561367039341.jpg,4.348689907,-72.73543066,R4-PONYO,P-59,Ponyo - R4,image141.png,image142.png
5/30/2025 10:36,,jacana,jacana-cabrestero,P-59J,,,,P,1.0,Pullover,Canadiense,14.0,,Sí,grapas,,,Doble,,3.0,3.0,Aislador,2.0,2.0,2.0,,,,No,,2.0,,,,"/storage/emulated/0/Download/RegistrosExportados/JPEG_20250530_104016_8895206091139650022.jpg,,,,,,",JPEG_20250530_104016_8895206091139650022.jpg,4.385367537,-72.73107028,JAC-R4,P-59J,R4 - Jacana,image259.png,image260.png
5/30/2025 10:34,,jacana,jacana-cabrestero,P-60J,,,,P,1.0,Retención,Canadiense,14.0,,Sí,grapas,1.0,1,Doble,,3.0,,Aislador,,,,,,,No,,2.0,,,,"/storage/emulated/0/Download/RegistrosExportados/JPEG_20250530_103604_8003268144872505100.jpg,,,,,,",JPEG_20250530_103604_8003268144872505100.jpg,4.385240349,-72.73069475,JAC-R4,P-60J,R4 - Jacana,image257.png,image258.png
5/30/2025 10:30,,jacana,jacana-cabrestero,P-61J,,,,P,,Suspensión,Canadiense,14.0,,No,,,,Sencilla,,,,Aislador,1.0,1.0,1.0,1.0,1.0,1.0,No,dps,2.0,,,,"/storage/emulated/0/Download/RegistrosExportados/JPEG_20250530_103357_841539960938071083.jpg,,,,,,",JPEG_20250530_103357_841539960938071083.jpg,4.384723272,-72.73006062,JAC-R4,,,,
5/30/2025 10:26,,jacana,jacana-cabrestero,P-62J,,,,P,1.0,Suspensión,Canadiense,14.0,,No,,1.0,1,Sencilla,,,,Aislador,1.0,1.0,1.0,,,,No,,2.0,,,,"/storage/emulated/0/Download/RegistrosExportados/JPEG_20250530_103022_4764885359222004127.jpg,,,,,,",JPEG_20250530_103022_4764885359222004127.jpg,4.384217432,-72.72943895,JAC-R4,P-62J,R4 - Jacana,image255.png,image256.png
5/30/2025 10:20,,jacana,jacana-cabrestero,P-64J,,,,P,1.0,Pullover,Canadiense,14.0,,No,grapas,,,Sencilla,,2.0,2.0,Aislador,2.0,2.0,2.0,,,,No,,2.0,,,,"/storage/emulated/0/Download/RegistrosExportados/JPEG_20250530_102227_3465360806550027865.jpg,,,,,,",JPEG_20250530_102227_3465360806550027865.jpg,4.383464092,-72.72851371,JAC-R4,P-64J,R4 - Jacana,image253.png,image254.png
5/30/2025 10:15,,jacana,jacana-cabrestero,P-65J,4.3861946,-72.7257862,,P,1.0,Retención,Canadiense,14.0,,Sí,grapas,1.0,1,Doble,,2.0,,Aislador,,,,1.0,1.0,1.0,No,,2.0,,,,"/storage/emulated/0/Download/RegistrosExportados/JPEG_20250530_102032_4383192404516443137.jpg,,,,,,",JPEG_20250530_102032_4383192404516443137.jpg,4.38352961,-72.72800335,JAC-R4,P-65J,R4 - Jacana,image251.png,image252.png
5/30/2025 10:12,,jacana,jacana-cabrestero,P-66J,,,,P,1.0,Suspensión,Canadiense,14.0,,No,,1.0,1,Sencilla,,,,Aislador,1.0,1.0,1.0,,,,No,,2.0,,,,"/storage/emulated/0/Download/RegistrosExportados/JPEG_20250530_101445_796414218128635733.jpg,,,,,,",JPEG_20250530_101445_796414218128635733.jpg,4.38370806,-72.72749739,JAC-R4,P-66J,R4 - Jacana,image249.png,image250.png
5/30/2025 10:09,,jacana,jacana-cabrestero,P-67J,4.3861946,-72.7257862,,P,1.0,Retención,Canadiense,14.0,,Sí,grapas,1.0,1,Doble,,2.0,,Aislador,,,,,,,No,,2.0,,,,"/storage/emulated/0/Download/RegistrosExportados/JPEG_20250530_101245_8814726797058069079.jpg,,,,,,",JPEG_20250530_101245_8814726797058069079.jpg,4.383879748,-72.72700817,JAC-R4,,,,
5/30/2025 9:58,,jacana,jacana-cabrestero,P-68J,,,"Estructura terminal horizontal con seccionadores monopolares, premoldeados y dps para red subterránea del cruce de vía y cambio de costado del circuito ",P,1.0,Otro,Otro,14.0,,Sí,"grapas, seccionadores monopolares y dps",1.0,2,Doble,,1.0,1.0,Aislador,1.0,1.0,1.0,1.0,1.0,1.0,No,"Seccionadores monopolares, premoldeados y dps ",2.0,,,,"/storage/emulated/0/Download/RegistrosExportados/JPEG_20250530_100908_5693228828545425170.jpg,,,",JPEG_20250530_100908_5693228828545425170.jpg,4.383931066,-72.72662574,JAC-R4,P-68J,R4 - Jacana,image247.png,image248.png
5/30/2025 9:51,,jacana,jacana-cabrestero,P-69J,,,"Estructura terminal horizontal con seccionadores monopolares, dps y premoldeados para subterranizar y cruce de vía y cambio de costado del circuito ",P,1.0,Otro,Otro,14.0,,Sí,grapas y dps,1.0,2,Doble,,1.0,1.0,Aislador,1.0,1.0,1.0,1.0,1.0,1.0,Sí,"Seccionadores monopolares, pds y premoldeados ",2.0,,,,"/storage/emulated/0/Download/RegistrosExportados/JPEG_20250530_095843_4049925259503447523.jpg,,,,",JPEG_20250530_095843_4049925259503447523.jpg,4.384588992,-72.72631247,JAC-R4,,,,
5/30/2025 9:48,,jacana,jacana-cabrestero,P-70J,,,,P,1.0,Suspensión,Canadiense,14.0,,No,,,,Sencilla,,,,Aislador,1.0,1.0,1.0,,,,No,,2.0,,,,"/storage/emulated/0/Download/RegistrosExportados/JPEG_20250530_095051_5855229896304801808.jpg,,,,,,",JPEG_20250530_095051_5855229896304801808.jpg,4.385297239,-72.7262233,JAC-R4,P-70J,R4 - Jacana,image245.png,image246.png
5/30/2025 9:43,,jacana,jacana-cabrestero,P-71J,4.3861946,-72.7257862,,P,1.0,Suspensión,Canadiense,14.0,,No,,1.0,1,Sencilla,,,,Aislador,1.0,1.0,1.0,,,,No,,,,,,"/storage/emulated/0/Download/RegistrosExportados/JPEG_20250530_094833_8351308014772966320.jpg,,,,,,",JPEG_20250530_094833_8351308014772966320.jpg,4.386104816,-72.72612124,JAC-R4,P-71J,R4 - Jacana,image243.png,image244.png
5/30/2025 9:39,,jacana,jacana-cabrestero,P-72J,4.3861946,-72.7257862,,P,1.0,Pullover,Canadiense,14.0,,Sí,grapas,,,Doble,,2.0,,Aislador,,,,,,,No,,2.0,,,,"/storage/emulated/0/Download/RegistrosExportados/JPEG_20250530_094255_3667893897656487740.jpg,,,,,,",JPEG_20250530_094255_3667893897656487740.jpg,4.386449314,-72.72607723,JAC-R4,P-72J,R4 - Jacana,image241.png,image242.png
5/30/2025 9:37,,jacana,jacana-cabrestero,P-73J,4.38834,-72.7247952,,P,1.0,Pullover,Canadiense,14.0,1350.0,Sí,grapas,,,Doble,,1.0,,Aislador,,,,,,,No,,2.0,,,,"/storage/emulated/0/Download/RegistrosExportados/JPEG_20250530_093903_8636109426622706188.jpg,,,,,,",JPEG_20250530_093903_8636109426622706188.jpg,4.386732375,-72.72629547,JAC-R4,P-73J,R4 - Jacana,image239.png,image240.png
5/30/2025 9:33,,jacana,jacana-cabrestero,P-74J,4.38834,-72.7247952,,P,1.0,Pullover,Canadiense,14.0,1350.0,Sí,grapas,,,Doble,,1.0,,Aislador,,,,,,,No,,2.0,,,,"/storage/emulated/0/Download/RegistrosExportados/JPEG_20250530_093632_1747765125046565549.jpg,,,,,,",JPEG_20250530_093632_1747765125046565549.jpg,4.38716299,-72.72623652,JAC-R4,P-74J,R4 - Jacana,image237.png,image238.png
5/30/2025 9:28,,jacana,jacana-cabrestero,P-75J,4.38834,-72.7247952,,P,1.0,Pullover,Canadiense,14.0,,Sí,grapas,,,Doble,,2.0,2.0,Aislador,,,,,,,No,,2.0,,,,"/storage/emulated/0/Download/RegistrosExportados/JPEG_20250530_093252_861121110609543291.jpg,,,,,,",JPEG_20250530_093252_861121110609543291.jpg,4.387335309,-72.72597361,JAC-R4,P-75J,R4 - Jacana,image235.png,image236.png
5/30/2025 9:21,,jacana,jacana-cabrestero,P-76J,4.38834,-72.7247952,,P,1.0,Suspensión,Canadiense,14.0,,No,,1.0,1,Sencilla,,,,Aislador,,,,1.0,1.0,1.0,No,dps,2.0,,,,"/storage/emulated/0/Download/RegistrosExportados/JPEG_20250530_092823_6161720912084311606.jpg,,,,,,",JPEG_20250530_092823_6161720912084311606.jpg,4.38793803,-72.72588161,JAC-R4,P-76J,R4 - Jacana,image233.png,image234.png
5/30/2025 9:11,,jacana,jacana-cabrestero,P-77J,,,,P,1.0,Pullover,Canadiense,14.0,,Sí,grapas,,,Doble,,3.0,3.0,Aislador,,,,,,,No,,2.0,,,,"/storage/emulated/0/Download/RegistrosExportados/JPEG_20250530_092050_5236020208784346217.jpg,,,,,,",JPEG_20250530_092050_5236020208784346217.jpg,4.388533555,-72.72578907,JAC-R4,,,,
5/30/2025 9:07,,jacana,jacana-cabrestero,P-78J,4.387994,-72.7238966,Retención canadiense ,P,1.0,Retención,Canadiense,14.0,,No,,1.0,1,Doble,,2.0,2.0,Aislador,,,,,,,No,,2.0,,,,"/storage/emulated/0/Download/RegistrosExportados/JPEG_20250530_091106_1058209569030770063.jpg,,,,,,",JPEG_20250530_091106_1058209569030770063.jpg,4.388477765,-72.72514368,JAC-R4,P-78J,R4 - Jacana,image231.png,image232.png
5/30/2025 9:02,,jacana,jacana-cabrestero,P-79J,4.387994,-72.7238966,,P,1.0,Pullover,Canadiense,14.0,1050.0,Sí,grapas,,,Doble,,2.0,,Aislador,,,,,,,No,,2.0,,,,"/storage/emulated/0/Download/RegistrosExportados/JPEG_20250530_090715_3472237269360114154.jpg,,,,,,",JPEG_20250530_090715_3472237269360114154.jpg,4.3883926,-72.72452113,JAC-R4,P-79J,R4 - Jacana,image229.png,image230.png
5/30/2025 8:53,,jacana,jacana-cabrestero,P-80J,4.3882569,-72.7237225,,P,1.0,Pullover,Canadiense,14.0,1050.0,Sí,grapas,,,Doble,,1.0,,Aislador,,,,,,,No,,2.0,,,,"/storage/emulated/0/Download/RegistrosExportados/JPEG_20250530_090134_239045538564425755.jpg,,,,,,",JPEG_20250530_090134_239045538564425755.jpg,4.388199645,-72.72416992,JAC-R4,P-80J,R4 - Jacana,image227.png,image228.png
5/30/2025 8:49,,jacana,jacana-cabrestero,P-81J,4.3882569,-72.7237225,Estructura pullover para conexión con pórtico Jacana 2,P,1.0,Pullover,Canadiense,14.0,1050.0,Sí,grapas,,,Doble,,2.0,2.0,Aislador,,,,,,,No,,2.0,,,,"/storage/emulated/0/Download/RegistrosExportados/JPEG_20250530_085332_7038109092262993531.jpg,,,,,,",JPEG_20250530_085332_7038109092262993531.jpg,4.3882569,-72.7237225,,,,,
5/29/2025 14:14,,ponyo,ponyo-r4,P-947,4.3476984,-72.7335938,Estructura de paso con cruceta superior con cadena de aisladores en suspensión sin uso evidente ,P,1.0,Otro,Otro,14.0,,Sí,aisladores,1.0,1,Sencilla,,,,Pin,1.0,1.0,1.0,,,,Sí,cadena de aisladores en suspensión sin uso evidente ,2.0,,,,"/storage/emulated/0/Download/RegistrosExportados/JPEG_20250529_141923_2847975976524967997.jpg,,,,,,",JPEG_20250529_141923_2847975976524967997.jpg,4.3476984,-72.7335938,,,,,
